Rank	Player	Pos	PosRank	ECR_Pos	Tier	Team	Bye	Age	Exp	OurValue$	vsECR	ProjPts	LastYrPts	LastYrGms	ECR	Injury	Depth	Buzz	Latest News
1	Jahmyr Gibbs	RB	RB1	RB1	RB-T1	DET	8	23.5	4	110	1	319.2	310.9	17	2.48				
2	Bijan Robinson	RB	RB2	RB2	RB-T1	ATL	5	23.6	4	90	2	278.6	278.7	17	4.1				
3	Josh Allen	QB	QB1	QB1	QB-T1	BUF	7	29.3	9	86	23	407.1	381.1	16	25.84				
4	Christian McCaffrey	RB	RB3	RB3	RB-T1	SF	14	29.2	10	84	5	266.9	32.8	4	9.24	Questionable - Calf			
5	Ja'Marr Chase	WR	WR1	WR1	WR-T1	CIN	10	25.5	6	74	-3	257.1	276.0	17	1.55				
6	Jonathan Taylor	RB	RB4	RB4	RB-T2	IND	11	26.6	7	73	6	244.3	226.7	14	11.93				
7	Lamar Jackson	QB	QB2	QB2	QB-T1	BAL	7	27.4	3	70	25	374.1	430.4	17	32.06				Lamar Jackson 'appears ready' to make big decision (rss:yardbarker)
8	James Cook III	RB	RB5	RB5	RB-T2	BUF	7	25.9	5	67	8	233.4	234.7	16	15.97				
9	Drake Maye	QB	QB3	QB3	QB-T1	NE	14	23.0	3	65	29	363.6	181.1	13	37.67				
10	Puka Nacua	WR	WR2	WR2	WR-T1	LAR	8	24.3	4	62	-7	233.2	127.6	11	3.19				
11	Joe Burrow	QB	QB4	QB4	QB-T2	CIN	10	28.7	7	59	35	351.6	382.9	17	45.81				
12	Chase Brown	RB	RB6	RB6	RB-T2	CIN	10	25.4	4	59	6	217.2	199.0	16	17.86				
13	De'Von Achane	RB	RB7	RB7	RB-T2	MIA	12	23.9	4	57	8	212.1	221.9	17	20.99				
14	Brock Bowers	TE	TE1	TE1	TE-T1	LV	8	22.7	3	56	5	177.6	150.7	17	19.03				
15	Saquon Barkley	RB	RB8	RB8	RB-T2	PHI	9	28.6	9	55	9	207.2	316.3	16	24.35				
16	Omarion Hampton	RB	RB9	RB9	RB-T3	LAC	12	22.5	2	50	10	198.0			25.57				
17	Jayden Daniels	QB	QB5	QB5	QB-T2	WAS	12	24.7	3	49	36	330.6	349.7	17	53.22				
18	Jaxon Smith-Njigba	WR	WR3	WR3	WR-T2	SEA	8	23.5	4	49	-13	207.2	153.0	17	4.67				
19	Kenneth Walker III	RB	RB10	RB10	RB-T3	KC	10	24.9	5	47	7	191.6	135.2	11	26.05				
20	Amon-Ra St. Brown	WR	WR4	WR4	WR-T2	DET	8	25.9	6	45	-15	199.4	201.2	17	5.42				
21	Ashton Jeanty	RB	RB11	RB11	RB-T3	LV	8	21.7	2	45	5	187.4			26.37				Raiders optimistic Ashton Jeanty will be ready to play in Week 1 (rss:yahoo)
22	Trey McBride	TE	TE2	TE2	TE-T1	ARI	8	25.8	5	44	-1	152.2	132.8	16	21.0				
23	CeeDee Lamb	WR	WR5	WR5	WR-T2	DAL	10	26.4	7	43	-14	195.4	160.4	15	9.0				
24	Derrick Henry	RB	RB12	RB12	RB-T3	BAL	7	31.7	11	43	14	184.7	317.4	17	37.72				'A striving factor:' How Ravens' Derrick Henry is driven to rank among NFL's best backs (rss:espn)
25	Jalen Hurts	QB	QB6	QB6	QB-T3	PHI	9	27.1	7	42	32	316.9	321.0	15	56.5				Hurts agrees that he; Brown grew apart: 'Clearly' (rss:espn)
26	Breece Hall	RB	RB13	RB13	RB-T3	NYJ	9	24.3	5	41	14	180.8	179.9	16	39.93				
27	Jeremiyah Love	RB	RB14	RB14	RB-T3	ARI	8	20.3	R	40	14	177.1			41.44				
28	Caleb Williams	QB	QB7	QB7	QB-T3	CHI	5	23.8	3	38	39	309.1	254.5	17	67.1				
29	Justin Jefferson	WR	WR6	WR6	WR-T2	MIN	6	22.5	R	38	-20	185.1	214.5	17	9.36				
30	Kyren Williams	RB	RB15	RB15	RB-T3	LAR	8	25.0	5	38	12	173.8	238.1	16	41.52				
31	Justin Herbert	QB	QB8	QB8	QB-T3	LAC	12	27.5	7	36	41	304.7	281.6	17	71.63				
32	Javonte Williams	RB	RB16	RB16	RB-T4	DAL	10	25.4	6	36	13	169.6	105.9	17	44.62				
33	Colston Loveland	TE	TE3	TE3	TE-T2	CHI	5	21.4	2	36	4	136.1			37.44				
34	Drake London	WR	WR7	WR7	WR-T3	ATL	5	24.1	5	35	-21	177.7	180.8	17	12.91				
35	Josh Jacobs	RB	RB17	RB17	RB-T4	GB	5	27.6	8	35	12	167.3	257.1	17	46.94			DROP	
36	Trevor Lawrence	QB	QB9	QB9	QB-T3	JAC	8	25.9	6	34	42	300.4	141.2	10	77.84				
37	A.J. Brown	WR	WR8	WR8	WR-T3	NE	14	28.2	8	32	-23	173.3	149.9	13	14.25				Jalen Hurts acknowledges that "clearly" he and A.J. Brown grew apart (rss:pft)
38	Travis Etienne Jr.	RB	RB18	RB18	RB-T4	NO	11	26.6	6	32	10	162.0	91.2	15	47.64				
39	Tyler Warren	TE	TE4	TE4	TE-T2	IND	11	23.3	2	32	14	128.0			53.13				
40	Dak Prescott	QB	QB10	QB10	QB-T4	DAL	10	32.1	11	31	38	295.4	118.5	8	78.25				
41	D'Andre Swift	RB	RB19	RB19	RB-T4	CHI	5	26.6	7	31	14	159.5	170.5	17	54.7				Kyle Monangai: Resumes running (rss:rotowire)
42	Nico Collins	WR	WR9	WR9	WR-T3	HOU	6	26.5	6	30	-26	167.7	142.6	12	16.0				
43	Chris Olave	WR	WR10	WR10	WR-T3	NO	11	25.2	5	29	-25	166.3	44.7	8	17.99				
44	Cam Skattebo	RB	RB20	RB20	RB-T4	NYG	14	23.6	2	29	13	156.2			57.42				Agent's Take: Does Cam Skattebo need better advice after recent Giants antics? (rss:cbs)
45	Harold Fannin Jr.	TE	TE5	TE5	TE-T2	CLE	9	21.1	2	28	28	120.7			73.44				
46	George Pickens	WR	WR11	WR11	WR-T3	DAL	10	24.5	5	27	-26	162.5	105.4	14	20.43		2		George Pickens clearly focused more on scoring TDs than golf swing this offseason (rss:yardbarker)
47	Bucky Irving	RB	RB21	RB21	RB-T4	TB	9	23.0	3	27	12	151.0	197.4	17	58.68				
48	Brock Purdy	QB	QB11	QB11	QB-T4	SF	14	25.7	5	26	48	285.9	273.0	15	96.5				
49	DeVonta Smith	WR	WR12	WR12	WR-T4	PHI	9	22.7	R	26	-25	159.6	131.4	13	24.04		2		
50	David Montgomery	RB	RB22	RB22	RB-T5	HOU	6	28.2	8	26	11	148.9	185.7	14	61.35				
51	Quinshon Judkins	RB	RB23	RB23	RB-T5	CLE	9	21.8	2	25	11	147.9			62.03				
52	Kyle Pitts Sr.	TE	TE6	TE6	TE-T3	ATL	5	24.9	6	25	27	113.3	84.2	17	78.91				
53	Malik Nabers	WR	WR13	WR13	WR-T4	NYG	14	22.1	3	24	-28	156.3	162.6	15	24.54				Malik Nabers injury status: Giants WR shares honest assessment of progress; Week 1 availability (rss:cbs)
54	Rashee Rice	WR	WR14	WR14	WR-T4	KC	10	25.4	4	23	-29	154.7	40.9	4	24.68				
55	Bhayshul Tuten	RB	RB24	RB24	RB-T5	JAC	8	23.5	2	23	12	142.8			67.19				
56	Tucker Kraft	TE	TE7	TE7	TE-T3	GB	5	24.8	4	23	24	109.1	111.3	17	80.46				
57	Garrett Wilson	WR	WR15	WR15	WR-T4	NYJ	9	25.1	5	22	-27	152.3	148.9	17	29.62				
58	Jaxson Dart	QB	QB12	QB12	QB-T5	NYG	14	22.3	2	21	39	274.0			97.46				
59	Zay Flowers	WR	WR16	WR16	WR-T4	BAL	7	25.0	4	21	-29	150.3	135.5	17	30.3				
60	TreVeyon Henderson	RB	RB25	RB25	RB-T5	NE	14	22.9	2	21	11	139.9			70.96		2		
61	Jaylen Waddle	WR	WR17	WR17	WR-T4	DEN	12	26.8	6	20	-26	147.8	87.6	15	34.78				
62	Jadarian Price	RB	RB26	RB26	RB-T5	SEA	8	21.9	R	20	11	137.9			73.22				
63	Sam LaPorta	TE	TE8	TE8	TE-T3	DET	8	24.6	4	20	23	103.2	114.6	16	85.85				
64	Ladd McConkey	WR	WR18	WR18	WR-T5	LAC	12	23.8	3	19	-29	145.8	156.9	16	34.85				
65	Tetairoa McMillan	WR	WR19	WR19	WR-T5	CAR	14	22.4	2	18	-29	144.8			35.61				
66	Rhamondre Stevenson	RB	RB27	RB27	RB-T6	NE	14	27.5	6	18	11	133.6	138.9	15	77.27				
67	Travis Kelce	TE	TE9	TE9	TE-T4	KC	10	35.9	14	18	32	100.6	98.4	16	98.53				Travis Kelce purchased $5.35 million Ohio home months before Taylor Swift marriage (rss:espn)
68	Tee Higgins	WR	WR20	WR20	WR-T5	CIN	10	26.6	7	17	-31	142.4	149.1	12	36.89		2		
69	Jaylen Warren	RB	RB28	RB28	RB-T6	PIT	5	26.8	5	17	8	131.1	86.1	15	77.34				
70	Emeka Egbuka	WR	WR21	WR21	WR-T5	TB	9	22.9	2	16	-29	140.7			40.83		2		
71	Tony Pollard	RB	RB29	RB29	RB-T6	TEN	10	28.3	8	16	14	128.5	157.7	16	84.99				
72	George Kittle	TE	TE10	TE10	TE-T4	SF	14	31.9	10	16	27	96.3	158.6	15	98.93				Sources: 49ers Kittle; Bosa make trip to Australia (rss:espn)
73	Bo Nix	QB	QB13	QB13	QB-T6	DEN	12	25.5	3	15	26	263.3	316.1	17	99.3				
74	Luther Burden III	WR	WR22	WR22	WR-T5	CHI	5	21.7	2	15	-27	138.1			46.99		2		
75	Terry McLaurin	WR	WR23	WR23	WR-T6	WAS	12	30.0	8	14	-28	135.7	185.8	17	47.16				
76	Rico Dowdle	RB	RB30	RB30	RB-T6	PIT	5	27.2	7	14	13	125.3	158.8	16	88.82		2		
77	Dalton Kincaid	TE	TE11	TE11	TE-T4	BUF	7	25.9	4	14	35	91.1	56.8	13	112.42				
78	Davante Adams	WR	WR24	WR24	WR-T6	LAR	8	32.7	13	13	-28	134.4	154.3	14	50.13		2		
79	DJ Moore	WR	WR25	WR25	WR-T6	BUF	7	28.4	9	13	-27	133.2	138.1	17	52.06				
80	Jonathon Brooks	RB	RB31	RB31	RB-T7	CAR	14	22.1	3	13	11	122.2	4.5	3	90.84		2		Panthers RB Brooks still out; coach optimistic (rss:espn)
81	Jameson Williams	WR	WR26	WR26	WR-T6	DET	8	24.4	5	12	-26	131.1	154.2	15	54.74		2		Graziano's bold-but-realistic predictions for all 32 NFL teams: Don't be surprised if ... (rss:espn)
82	Dallas Goedert	TE	TE12	TE12	TE-T5	PHI	9	30.7	9	12	35	87.4	61.6	10	117.24				
83	Patrick Mahomes II	QB	QB14	QB14	QB-T7	KC	10	30.0	10	11	18	255.5	281.9	16	101.49				
84	Mike Evans	WR	WR27	WR27	WR-T6	SF	14	32.0	13	11	-28	129.1	166.4	14	56.16				
85	Rome Odunze	WR	WR28	WR28	WR-T7	CHI	5	23.2	3	10	-28	127.5	90.9	17	57.49				
86	RJ Harvey	RB	RB32	RB32	RB-T7	DEN	12	24.6	2	10	11	116.6			97.46		2		
87	Jake Ferguson	TE	TE13	TE13	TE-T5	DAL	10	26.6	5	10	31	84.4	45.4	14	118.47				
88	Christian Watson	WR	WR29	WR29	WR-T7	GB	5	26.3	5	9	-30	125.4	74.3	14	57.65				
89	Chuba Hubbard	RB	RB33	RB33	RB-T8	CAR	14	26.2	6	9	10	114.7	196.6	15	98.94				
90	Isaiah Likely	TE	TE14	TE14	TE-T5	NYG	14	25.4	5	9	33	81.4	81.7	15	123.13	Out - Foot			
91	Parker Washington	WR	WR30	WR30	WR-T7	JAC	8	23.4	4	8	-28	123.8	57.0	14	63.29		3		
92	Carnell Tate	WR	WR31	WR31	WR-T7	TEN	10	20.6	R	8	-24	123.2			68.27				
93	Mark Andrews	TE	TE15	TE15	TE-T6	BAL	7	30.0	9	8	39	80.0	133.8	17	131.7				
94	Juwan Johnson	TE	TE16	TE16	TE-T6	NO	11	29.0	7	8	40	78.7	72.8	15	134.2				
95	Matthew Stafford	QB	QB15	QB15	QB-T8	LAR	8	37.6	18	7	9	246.7	218.6	16	104.33				
96	Marvin Harrison Jr.	WR	WR32	WR32	WR-T8	ARI	8	23.1	3	7	-27	121.7	134.5	17	68.6				
97	Chris Godwin Jr.	WR	WR33	WR33	WR-T8	TB	9	29.5	10	7	-20	121.3	87.8	7	76.5	Out - Ankle			
98	Kenny Gainwell	RB	RB34	RB34	RB-T8	TB	9	26.5	6	7	2	111.5	46.6	17	100.1				
99	Jared Goff	QB	QB16	QB16	QB-T8	DET	8	30.9	11	6	7	243.6	321.5	17	106.4				
100	J.K. Dobbins	RB	RB35	RB35	RB-T9	DEN	12	26.7	7	6	0	108.7	159.8	13	100.48				
101	Brenton Strange	TE	TE17	TE17	TE-T6	JAC	8	24.7	4	6	58	76.5	51.1	14	159.0			DROP	
102	Chig Okonkwo	TE	TE18	TE18	TE-T6	WAS	12	26.0	5	6	58	74.7	59.6	16	160.38				
103	DK Metcalf	WR	WR34	WR34	WR-T9	PIT	5	27.7	8	5	-24	117.9	125.2	15	78.91				
104	Rachaad White	RB	RB36	RB36	RB-T9	WAS	12	26.6	5	5	8	106.6	148.6	15	111.88		2		
105	Brian Thomas Jr.	WR	WR35	WR35	WR-T9	JAC	8	22.9	3	4	-25	115.5	193.0	17	80.0				
106	Dalton Schultz	TE	TE19	TE19	TE-T7	HOU	6	29.1	9	4	58	72.4	65.2	17	163.71				
107	Hunter Henry	TE	TE20	TE20	TE-T7	NE	14	30.7	11	4	58	70.9	79.4	16	164.67				
108	Michael Pittman Jr.	WR	WR36	WR36	WR-T10	PIT	5	27.9	7	3	-28	113.5	96.8	16	80.44		2		
109	Blake Corum	RB	RB37	RB37	RB-T10	LAR	8	24.8	3	3	3	103.5	26.5	15	112.07		2		
110	Courtland Sutton	WR	WR37	WR37	WR-T11	DEN	12	29.9	9	2	-27	112.0	159.3	16	83.3				
111	T.J. Hockenson	TE	TE21	TE21	TE-T8	MIN	6	28.2	8	2	79	66.9	45.5	10	190.29				
112	Texans	DST	DST1	DST1	DST-T1	HOU	6			2	41	20.0	133.0		152.91				
113	Brandon Aubrey	K	K1	K1	K-T1	DAL	10	30.5	4	2	72	20.0	150.0		185.31				
114	Broncos	DST	DST2	DST2	DST-T1	DEN	12			2	50	19.9	140.0		163.88				
115	Ka'imi Fairbairn	K	K2	K2	K-T1	HOU	6	31.6	11	2	77	19.9			191.8				
116	Seahawks	DST	DST3	DST3	DST-T1	SEA	8			2	52	19.8			167.85				
117	Cameron Dicker	K	K3	K3	K-T1	LAC	12	25.3	5	2	78	19.8	142.0		194.59				
118	Rams	DST	DST4	DST4	DST-T1	LAR	8			2	50	19.7			167.92				
119	Cam Little	K	K4	K4	K-T1	JAC	8	22.0	3	2	80	19.7			198.87				
120	Eagles	DST	DST5	DST5	DST-T1	PHI	9			2	55	19.6	135.0		174.88				
121	Jason Myers	K	K5	K5	K-T1	SEA	8	34.3	12	2	79	19.6			200.11				
122	Vikings	DST	DST6	DST6	DST-T1	MIN	6			2	64	19.5	138.0		185.95				
123	Eddy Pineiro	K	K6	K6	K-T1	SF	14	30.0	9	2	85	19.5			207.9				
124	Kyler Murray	QB	QB17	QB17	QB-T9	MIN	6	28.1	8	1	-11	234.3	297.4	17	112.82				Vikings GM shares major J.J. McCarthy update amid trade rumors (rss:yardbarker)
125	Baker Mayfield	QB	QB18	QB18	QB-T9	TB	9	30.4	9	1	-7	227.4	365.8	17	118.39				Baker Mayfields 7 goals for the 2026 season (rss:yahoo)
126	Jordan Love	QB	QB19	QB19	QB-T9	GB	5	26.8	7	1	-7	223.5	227.9	15	118.95				
127	Tyler Shough	QB	QB20	QB20	QB-T9	NO	11	25.9	2	1	-3	214.9			124.28				
128	Malik Willis	QB	QB21	QB21	QB-T9	MIA	12	26.3	5	1	2	205.5	53.8	6	130.02				
129	Sam Darnold	QB	QB22	QB22	QB-T9	SEA	8	28.2	9	1	11	193.7	311.8	17	139.95				
130	C.J. Stroud	QB	QB23	QB23	QB-T9	HOU	6	23.9	4	1	15	188.4	224.4	17	145.31				Which extension-eligible NFL players could be big factors next offseason? (rss:espn)
131	Daniel Jones	QB	QB24	QB24	QB-T9	IND	11	28.3	8	1	17	183.8	139.3	10	147.99				
132	Cam Ward	QB	QB25	QB25	QB-T9	TEN	10	23.3	2	1	25	174.9			156.55				'He's not going to fail': Why the Titans coach put his job on the line for QB Cam Ward (rss:espn)
133	Bryce Young	QB	QB26	QB26	QB-T9	CAR	14	24.1	4	1	39	167.7	196.8	14	172.12				
134	Jacoby Brissett	QB	QB27	QB27	QB-T9	ARI	8	32.7	11	1	60	158.9	45.2	7	194.36				
135	Aaron Rodgers	QB	QB28	QB28	QB-T9	PIT	5	41.7	22	1	82	152.0	256.6	17	216.72				Aaron Rodgers continues to praise Steelers young pass catchers (rss:yahoo)
136	Geno Smith	QB	QB29	QB29	QB-T9	NYJ	9	34.9	14	1	86	139.9	266.1	17	222.37				
137	Fernando Mendoza	QB	QB30	QB30	QB-T9	LV	8	21.9	R	1	122	125.4			259.46			DROP	
138	Tua Tagovailoa	QB	QB31	QB31	QB-T9	ATL	5	27.5	7	1	134	120.4	181.5	11	272.03		2		
139	Michael Penix Jr.	QB	QB32	QB32	QB-T9	ATL	5	25.3	3	1	148	113.1	44.2	5	286.52				
140	Wan'Dale Robinson	WR	WR38	WR38	WR-T12	TEN	10	24.7	5	1	-54	109.8	89.7	17	85.58		2		
141	Josh Downs	WR	WR39	WR39	WR-T12	IND	11	24.1	4	1	-54	107.6	111.5	14	87.25		2		
142	Michael Wilson	WR	WR40	WR40	WR-T12	ARI	8	25.5	4	1	-54	104.6	77.5	16	88.37		2		
143	Kirk Cousins	QB	QB33	QB33	QB-T9	LV	8	37.0	15	1	146	103.3	180.3	14	288.51		2	ADD	Raiders name Cousins starting QB for Week 1 (rss:espn)
144	Quentin Johnston	WR	WR41	WR41	WR-T12	LAC	12	24.0	4	1	-48	102.9	119.7	15	95.75		2		
145	Stefon Diggs	WR	WR42	WR42	WR-T12	WAS	12	31.8	12	1	-49	102.3	74.9	8	96.49				
146	Alec Pierce	WR	WR43	WR43	WR-T12	IND	11	25.3	5	1	-46	101.2	124.4	16	100.32				
147	Jayden Reed	WR	WR44	WR44	WR-T12	GB	5	25.3	4	1	-43	100.5	142.0	17	104.21	Questionable - Foot	2		
148	Jacory Croskey-Merritt	RB	RB38	RB38	RB-T11	WAS	12	24.4	2	1	-34	98.8			113.67				
149	Jakobi Meyers	WR	WR45	WR45	WR-T12	JAC	8	28.8	8	1	-44	98.0	129.0	15	104.5		2		
150	Jordan Mason	RB	RB39	RB39	RB-T11	MIN	6	26.3	5	1	-34	97.2	104.0	12	115.68		2		
151	Jordan Addison	WR	WR46	WR46	WR-T12	MIN	6	23.6	4	1	-45	96.9	149.5	15	105.63		2		
152	Deshaun Watson	QB	QB34	QB34	QB-T9	CLE	9	30.0	10	1	138	96.4	78.6	7	289.72		3		2026 NFL Comeback Player of Year trends; odds: Sportsbook rooting against Patrick Mahomes; Deshaun Watson (rss:cbs)
153	Makai Lemon	WR	WR47	WR47	WR-T12	PHI	9	21.2	R	1	-43	94.3			109.7				
154	Aaron Jones Sr.	RB	RB40	RB40	RB-T11	MIN	6	30.7	10	1	-38	93.8	190.6	17	115.78				
155	KC Concepcion	WR	WR48	WR48	WR-T12	CLE	9	20.9	R	1	-37	92.1			118.1				
156	Khalil Shakir	WR	WR49	WR49	WR-T12	BUF	7	25.6	5	1	-33	91.4	106.5	15	123.36		2		
157	Kyle Monangai	RB	RB41	RB41	RB-T11	CHI	5	23.2	2	1	-40	90.7			116.95		2		
158	Shedeur Sanders	QB	QB35	QB35	QB-T9	CLE	9	23.6	2	1	140	90.5			297.94				
159	Jalen Coker	WR	WR50	WR50	WR-T12	CAR	14	23.8	3	1	-34	90.4	60.6	11	124.68		2		
160	Romeo Doubs	WR	WR51	WR51	WR-T12	NE	14	25.4	5	1	-33	88.1	84.1	13	127.35				
161	Woody Marks	RB	RB42	RB42	RB-T11	HOU	6	24.7	2	1	-24	88.0			137.25		2		
162	Matthew Golden	WR	WR52	WR52	WR-T12	GB	5	22.1	2	1	-33	86.6			128.79		3		
163	Tyler Allgeier	RB	RB43	RB43	RB-T11	ARI	8	25.4	5	1	-24	86.0	91.2	17	138.72		2		
164	Xavier Worthy	WR	WR53	WR53	WR-T12	KC	10	22.3	3	1	-35	85.7	128.2	16	129.35		2		Graziano's bold-but-realistic predictions for all 32 NFL teams: Don't be surprised if ... (rss:espn)
165	De'Zhaun Stribling	WR	WR54	WR54	WR-T12	SF	14	22.7	R	1	-32	84.9			132.96				
166	Tyjae Spears	RB	RB44	RB44	RB-T11	TEN	10	24.2	4	1	-27	84.8	83.6	12	139.37		2		
167	Chris Rodriguez Jr.	RB	RB45	RB45	RB-T11	JAC	8	25.9	4	1	-27	84.0	30.5	7	140.02		2		
168	Jordyn Tyson	WR	WR55	WR55	WR-T12	NO	11	21.1	R	1	-33	82.9			135.15			DROP	
169	Deebo Samuel Sr.	WR	WR56	WR56	WR-T12	SF	14	29.6	8	1	-30	81.6	104.6	15	138.51		2		
170	Dylan Sampson	RB	RB46	RB46	RB-T11	CLE	9	21.0	2	1	-21	81.5			148.86		2		
171	Carson Beck	QB	QB36	QB36	QB-T9	ARI	8	23.8	R	1	148	81.5			318.85				
172	Keaton Mitchell	RB	RB47	RB47	RB-T11	LAC	12	23.6	4	1	-21	79.3	5.8	4	151.49		3	ADD	
173	Rashid Shaheed	WR	WR57	WR57	WR-T12	SEA	8	27.0	5	1	-24	78.9	55.8	6	148.75		3		
174	Denzel Boston	WR	WR58	WR58	WR-T12	CLE	9	21.7	R	1	-23	78.8			150.61				
175	Zach Charbonnet	RB	RB48	RB48	RB-T11	SEA	8	24.6	4	1	-21	77.8	144.9	17	154.18				
176	Tre Tucker	WR	WR59	WR59	WR-T12	LV	8	24.5	4	1	-13	77.2	82.3	17	162.97			ADD	
177	Jauan Jennings	WR	WR60	WR60	WR-T12	MIN	6	28.1	6	1	-10	76.8	133.5	15	166.54		3		
178	Jonah Coleman	RB	RB49	RB49	RB-T11	DEN	12	22.0	R	1	-22	76.1			156.36				
179	J.J. McCarthy	QB	QB37	QB37	QB-T9	MIN	6	22.6	3	1	147	76.0			326.11		2		Vikings GM expects McCarthy on Week 1 roster (rss:espn)
180	Adonai Mitchell	WR	WR61	WR61	WR-T12	NYJ	9	22.9	3	1	-13	75.6	30.8	17	166.84		2		
181	Jerry Jeudy	WR	WR62	WR62	WR-T12	CLE	9	26.4	7	1	-13	74.6	146.9	17	167.97			DROP	
182	Tyrone Tracy Jr.	RB	RB50	RB50	RB-T11	NYG	14	25.8	3	1	-20	74.4	144.3	17	162.2		2		
183	Jalen McMillan	WR	WR63	WR63	WR-T12	TB	9	23.7	3	1	-10	73.4	98.4	13	172.6		3		Todd Bowles: Emeka Egbuka; Jalen McMillan "headed in the right direction" (rss:pft)
184	Kayshon Boutte	WR	WR64	WR64	WR-T12	HOU	6	23.3	4	1	-5	72.2	76.9	15	179.43		2		
185	Isiah Pacheco	RB	RB51	RB51	RB-T11	DET	8	26.5	5	1	-21	72.1	44.9	7	163.96		2	DROP	
186	Omar Cooper Jr.	WR	WR65	WR65	WR-T12	NYJ	9	21.7	R	1	-5	71.5			180.82			DROP	
187	Mac Jones	QB	QB38	QB38	QB-T9	SF	14	27.0	6	1	147	70.8	96.1	10	333.51		2		
188	Tre' Harris	WR	WR66	WR66	WR-T12	LAC	12	23.5	2	1	-7	70.3			181.2		3		
189	Ryan Flournoy	WR	WR67	WR67	WR-T12	DAL	10	25.8	3	1	-4	68.9	8.2	9	184.82		3		
190	Mike Washington Jr.	RB	RB52	RB52	RB-T11	LV	8	72.2	9	1	-25	68.7			165.41				
191	Dontayvion Wicks	WR	WR68	WR68	WR-T12	PHI	9	24.2	4	1	-4	68.1	71.5	17	186.73	Questionable - Calf	4		
192	Alvin Kamara	RB	RB53	RB53	RB-T11	NO	11	30.1	10	1	-26	67.7	197.3	14	166.12		2	DROP	
193	Travis Hunter	WR	WR69	WR69	WR-T12	JAC	8	22.3	2	1	-3	67.3			189.75		4	DROP	Graziano's bold-but-realistic predictions for all 32 NFL teams: Don't be surprised if ... (rss:espn)
194	Jalen Nailor	WR	WR70	WR70	WR-T12	LV	8	26.5	5	1	-4	66.6	77.0	15	190.27		2	ADD	
195	Tank Bigsby	RB	RB54	RB54	RB-T11	PHI	9	23.0	4	1	-23	65.9	122.0	16	171.53		2		
196	Malik Washington	WR	WR71	WR71	WR-T12	MIA	12	24.9	3	1	-5	65.5	30.8	14	190.64		2	ADD	
197	AJ Barner	TE	TE22	TE22	TE-T9	SEA	8	23.3	3	1	11	65.4	48.5	15	208.19				
198	Pat Bryant	WR	WR72	WR72	WR-T12	DEN	12	22.7	2	1	-7	65.0			190.7		3		
199	Braelon Allen	RB	RB55	RB55	RB-T11	NYJ	9	21.6	3	1	-24	64.7	66.2	17	175.43		2		
200	Drew Allar	QB	QB39	QB39	QB-T9	PIT	5	21.5	R	1	134	64.6			334.0				
201	Keenan Allen	WR	WR73	WR73	WR-T12	IND	11	33.3	14	1	-7	63.7	114.4	15	193.66		3		Colts WR Allen relinquishes No. 13 to Treadwell (rss:espn)
202	Brian Robinson Jr.	RB	RB56	RB56	RB-T11	ATL	5	26.4	3	1	-25	63.2	139.8	14	177.08		2		
203	Jaylin Noel	WR	WR74	WR74	WR-T12	HOU	6	23.0	2	1	-3	62.4			200.36		5		
204	Greg Dulcich	TE	TE23	TE23	TE-T9	MIA	12	25.4	5	1	4	62.4	2.8	4	208.5				
205	Jake Browning	QB	QB40	QB40	QB-T9	TB	9	29.4	4	1	138	61.9		2	343.0		2		
206	MarShawn Lloyd	RB	RB57	RB57	RB-T11	GB	5	24.7	3	1	-27	61.3	1.8	1	179.03		3	ADD	
207	Calvin Ridley	WR	WR75	WR75	WR-T12	TEN	10	30.7	8	1	-5	61.2	135.2	17	202.32				
208	Caleb Douglas	WR	WR76	WR76	WR-T12	MIA	12	22.0	R	1	3	60.4			211.13			ADD	
209	Tank Dell	WR	WR77	WR77	WR-T12	HOU	6	25.8	4	1	2	60.0	89.0	14	211.44		3	ADD	
210	Oronde Gadsden II	TE	TE24	TE24	TE-T9	LAC	12	22.2	2	1	2	59.8			211.73			DROP	
211	Troy Franklin	WR	WR78	WR78	WR-T12	DEN	12	22.6	3	1	5	59.2	39.1	16	216.18		2		
212	Emmett Johnson	RB	RB58	RB58	RB-T11	KC	10	21.9	R	1	-22	59.1			189.73			ADD	
213	Isaac TeSlaa	WR	WR79	WR79	WR-T12	DET	8	23.5	2	1	5	58.2			217.77		3		
214	Ray Davis	RB	RB59	RB59	RB-T11	BUF	7	25.8	3	1	-20	57.8	99.1	17	194.45		3		
215	Terrance Ferguson	TE	TE25	TE25	TE-T9	LAR	8	22.5	2	1	-2	57.4			212.67		3		
216	Darnell Mooney	WR	WR80	WR80	WR-T12	NYG	14	27.8	7	1	3	57.0	129.2	16	219.02	Questionable - Shoulder	2		
217	Gunnar Helm	TE	TE26	TE26	TE-T9	TEN	10	23.0	2	1	3	56.6			220.43				
218	Cyrus Allen	WR	WR81	WR81	WR-T12	KC	10	22.6	R	1	4	56.4			222.38			DROP	
219	Ty Simpson	QB	QB41	QB41	QB-T9	LAR	8	22.7	R	1	125	56.0			343.53				
220	Ja'Kobi Lane	WR	WR82	WR82	WR-T12	BAL	7	21.1	R	1	3	55.9			222.62				
221	Kimani Vidal	RB	RB60	RB60	RB-T11	LAC	12	24.0	3	1	-20	55.8	27.7	9	201.17		2		
222	Cooper Kupp	WR	WR83	WR83	WR-T12	SEA	8	32.2	10	1	1	54.9	108.0	12	222.96		2		
223	Rashod Bateman	WR	WR84	WR84	WR-T12	BAL	7	25.8	6	1	3	54.4	129.6	16	226.05		2		
224	Kenyon Sadiq	TE	TE27	TE27	TE-T9	NYJ	9	20.5	R	1	-1	54.1			222.64			DROP	
225	Germie Bernard	WR	WR85	WR85	WR-T12	PIT	5	21.7	R	1	8	53.6			233.44				
226	Sean Tucker	RB	RB61	RB61	RB-T11	TB	9	23.9	4	1	-21	52.7	59.7	17	204.71		3	DROP	
227	Antonio Williams	WR	WR86	WR86	WR-T12	WAS	12	21.1	R	1	7	52.7			233.94				
228	Zachariah Branch	WR	WR87	WR87	WR-T12	ATL	5	21.4	R	1	7	52.1			235.11				
229	Joe Flacco	QB	QB42	QB42	QB-T9	CIN	10	40.6	19	1	115	51.5	105.2	7	343.91		2		
230	Pat Freiermuth	TE	TE28	TE28	TE-T9	PIT	5	26.9	6	1	8	51.4	105.3	17	238.46				
231	James Conner	RB	RB62	RB62	RB-T11	ARI	8	30.3	10	1	-20	51.2	202.8	16	211.4				
232	Malachi Fields	WR	WR88	WR88	WR-T12	NYG	14	22.0	R	1	4	51.0			236.07				
233	Cade Otton	TE	TE29	TE29	TE-T9	TB	9	26.4	5	1	7	50.0	81.6	14	239.93				
234	Jack Bech	WR	WR89	WR89	WR-T12	LV	8	22.7	2	1	5	49.9			239.01		3		
235	Nicholas Singleton	RB	RB63	RB63	RB-T11	TEN	10	21.7	R	1	-16	49.8			218.87				
236	Jaydon Blue	RB	RB64	RB64	RB-T11	DAL	10	21.6	2	1	-10	48.6			226.47		3	DROP	Making sense of Cowboys' surprising roster cuts ahead of 2026 season: Joe Milton; Jaydon Blue and more (rss:cbs)
237	Ted Hurst III	WR	WR90	WR90	WR-T12	TB	9	21.2	R	1	6	48.4			242.97				
238	David Njoku	TE	TE30	TE30	TE-T9	LAC	12	29.1	12	1	12	48.1	80.5	11	250.34		2		
239	Justin Fields	QB	QB43	QB43	QB-T9	KC	10	26.5	6	1	107	47.8	121.1	10	345.51		2		
240	Chris Bell	WR	WR91	WR91	WR-T12	MIA	12	21.2	R	1	4	47.6			244.04				
241	Evan Engram	TE	TE31	TE31	TE-T9	DEN	12	31.0	10	1	13	47.3	40.5	9	253.98				
242	Emanuel Wilson	RB	RB65	RB65	RB-T11	SEA	8	26.3	4	1	-13	47.1	85.0	17	228.95		2	DROP	
243	Chimere Dike	WR	WR92	WR92	WR-T12	TEN	10	23.7	2	1	1	46.1			244.36		4	DROP	
244	Colby Parkinson	TE	TE32	TE32	TE-T9	LAR	8	26.7	7	1	22	46.1	35.4	16	265.87				
245	Kaytron Allen	RB	RB66	RB66	RB-T11	WAS	12	22.6	R	1	-13	45.5			232.16				
246	Keon Coleman	WR	WR93	WR93	WR-T12	BUF	7	22.3	3	1	1	44.9	80.5	13	246.9		4		
247	Devaughn Vele	WR	WR94	WR94	WR-T12	NO	11	27.7	3	1	2	44.6	65.5	13	248.58		2	ADD	
248	Darren Waller	TE	TE33	TE33	TE-T9	CAR	14	33.0	9	1	20	44.6			267.85	Out - Hip		ADD	
249	Elic Ayomanor	WR	WR95	WR95	WR-T12	TEN	10	22.2	2	1	3	43.8			251.77		3		
250	Mike Gesicki	TE	TE34	TE34	TE-T9	CIN	10	29.9	9	1	23	43.6	76.5	16	273.14				
251	Justice Hill	RB	RB67	RB67	RB-T11	BAL	7	27.8	8	1	-14	43.3	85.1	15	236.52		2	ADD	
252	Elijah Sarratt	WR	WR96	WR96	WR-T12	BAL	7	22.3	R	1	10	43.0			261.62				
253	Mason Taylor	TE	TE35	TE35	TE-T9	NYJ	9	21.3	2	1	21	43.0			274.29				
254	Anthony Richardson Sr.	QB	QB44	QB44	QB-T9	IND	11	23.3	4	1	93	42.9	164.5	11	346.95		2		
255	Tory Horton	WR	WR97	WR97	WR-T12	SEA	8	22.8	2	1	7	42.5			261.68		4		
256	Jaylen Wright	RB	RB68	RB68	RB-T11	MIA	12	22.4	3	1	-19	42.1	23.7	13	236.57	Out - Knee	2		
257	Christian Kirk	WR	WR98	WR98	WR-T12	SF	14	28.8	9	1	8	41.8	43.9	8	264.59	Out - Hamstring	3		
258	Xavier Legette	WR	WR99	WR99	WR-T12	CAR	14	24.6	3	1	7	41.3	76.1	15	264.69		3		
259	Kaelon Black	RB	RB69	RB69	RB-T11	SF	14	23.9	R	1	-21	41.2			237.76			ADD	
260	Theo Johnson	TE	TE36	TE36	TE-T9	NYG	14	24.5	3	1	21	41.2	39.1	11	280.76		2		
261	Darius Slayton	WR	WR100	WR100	WR-T12	NYG	14	28.6	8	1	4	41.0	71.0	16	264.83		2		
262	George Holani	RB	RB70	RB70	RB-T11	SEA	8	25.7	3	1	-18	40.7	0.9	3	243.54		3		
263	Charlie Kolar	TE	TE37	TE37	TE-T9	LAC	12	26.6	5	1	21	40.7	19.3	10	284.08		2		
264	Tyquan Thornton	WR	WR101	WR101	WR-T12	KC	10	25.1	5	1	1	40.5	4.7	4	264.9		3		
265	Marvin Mims Jr.	WR	WR102	WR102	WR-T12	DEN	12	23.5	4	1	3	39.9	90.5	17	267.99		4		
266	Cade Klubnik	QB	QB45	QB45	QB-T9	NYJ	9	21.9	R	1	82	39.9			347.83				
267	Eli Stowers	TE	TE38	TE38	TE-T9	PHI	9	22.4	R	1	19	39.6			286.04				
268	Ollie Gordon II	RB	RB71	RB71	RB-T11	MIA	12	21.6	2	1	-19	39.4			248.68		3		
269	Brandon Aiyuk	WR	WR103	WR103	WR-T12	SF	14	27.5	6	1	4	39.3	37.4	7	273.21		9		
270	Jake Tonges	TE	TE39	TE39	TE-T9	SF	14	26.2	4	1	21	39.0		2	290.84		2		
271	Kyle Williams	WR	WR104	WR104	WR-T12	NE	14	22.8	2	1	4	38.9			275.03		5		
272	Jahan Dotson	WR	WR105	WR105	WR-T12	ATL	5	25.4	5	1	5	37.9	22.9	14	276.8		2		
273	Darnell Washington	TE	TE40	TE40	TE-T9	PIT	5	24.0	4	1	21	37.8	26.0	13	293.7		2		
274	Najee Harris	RB	RB72	RB72	RB-T11	NYG	14	27.5	6	1	-25	37.7	168.6	17	249.45		3		
275	Andrei Iosivas	WR	WR106	WR106	WR-T12	CIN	10	25.9	4	1	2	37.1	83.9	17	276.89		3		
276	Tommy Myers	TE	TE41	TE41	TE-T9	FA				1	18	36.8			293.75				
277	Demond Claiborne	RB	RB73	RB73	RB-T11	MIN	6	21.9	R	1	-25	36.2			252.01				
278	DeMario Douglas	WR	WR107	WR107	WR-T12	NE	14	24.7	4	1	1	36.1	81.7	16	278.87		4		
279	Jameis Winston	QB	QB46	QB46	QB-T9	NYG	14	31.7	12	1	72	36.1	127.2	11	350.73		2		
280	Michael Mayer	TE	TE42	TE42	TE-T9	LV	8	24.2	4	1	19	35.4	15.6	11	299.27		2		
281	Mack Hollins	WR	WR108	WR108	WR-T12	NE	14	32.0	10	1	1	35.2	67.8	17	282.08		3		
282	Isaiah Davis	RB	RB74	RB74	RB-T11	NYJ	9	23.5	3	1	-28	35.0	36.9	13	253.97		3		
283	Tyreek Hill	WR	WR109	WR109	WR-T12	FA		31.5	10	1	0	34.8	137.2	17	282.61			DROP	
284	Ty Johnson	RB	RB75	RB75	RB-T11	BUF	7	28.0	8	1	-25	34.5	73.7	17	259.3		2		
285	Xavier Hutchinson	WR	WR110	WR110	WR-T12	HOU	6	25.3	4	1	2	34.1	11.7	14	287.42		4		
286	LeQuint Allen Jr.	RB	RB76	RB76	RB-T11	JAC	8	21.1	2	1	-24	33.8			262.4		3		
287	Elijah Arroyo	TE	TE43	TE43	TE-T9	SEA	8	22.4	2	1	14	33.7			300.8		2		
288	Hollywood Brown	WR	WR111	WR111	WR-T12	PHI	9			1	1	33.5			288.84		3		
289	Marcus Mariota	QB	QB47	QB47	QB-T9	WAS	12	31.8	12	1	63	33.5	45.7	3	352.24		2		
290	Samaje Perine	RB	RB77	RB77	RB-T11	CIN	10	30.0	10	1	-28	33.2	53.4	17	262.41		2		
291	Oscar Delp	TE	TE44	TE44	TE-T9	NO	11	22.1	R	1	15	33.0			305.83				
292	Jalen Tolbert	WR	WR112	WR112	WR-T12	MIA	12	26.5	5	1	-2	32.7	103.0	17	289.65		3		
293	Jordan James	RB	RB78	RB78	RB-T11	SF	14	21.4	2	1	-28	32.5			264.94	Doubtful - Finger	2		
294	Bryce Lance	WR	WR113	WR113	WR-T12	NO	11	23.0	R	1	-4	32.1			289.7				
295	Erick All Jr.	TE	TE45	TE45	TE-T9	CIN	10	25.0	3	1	19	31.5	15.8	8	314.23		2		
296	Isaiah Bond	WR	WR114	WR114	WR-T12	CLE	9	21.5	2	1	-6	31.4			290.48		3		
297	Alec Ingold	RB	RB79	RB79	RB-T11	LAC	12	29.1	8	1	-26	31.3			270.5				
298	Cole Kmet	TE	TE46	TE46	TE-T9	CHI	5	26.5	7	1	23	31.1	71.4	16	320.61		2		
299	Kendrick Bourne	WR	WR115	WR115	WR-T12	ARI	8	30.1	10	1	-6	30.8	37.1	12	292.65		3		
300	Skyler Bell	WR	WR116	WR116	WR-T12	BUF	7	23.2	R	1	-7	30.4			292.79				
301	Roman Wilson	WR	WR117	WR117	WR-T12	PIT	5	24.2	3	1	-2	30.0			298.87		4		
302	Chris Brooks	RB	RB80	RB80	RB-T11	GB	5	25.6	4	1	-31	29.9	31.2	11	271.15		2		
303	Eli Raridon	TE	TE47	TE47	TE-T9	NE	14	21.6	R	1	20	29.9			323.22				
304	Tyler Higbee	TE	TE48	TE48	TE-T9	LAR	8	32.7	11	1	20	29.5	18.6	3	323.73		2		
305	Devin Neal	RB	RB81	RB81	RB-T11	NO	11	23.5	R	1	-33	29.0			271.65		4		
306	Chris Brazzell II	WR	WR118	WR118	WR-T12	CAR	14	49.3	2	1	-7	28.8			299.46				
307	Max Klare	TE	TE49	TE49	TE-T9	LAR	8	22.2	R	1	20	28.5			326.75				
308	DJ Giddens	RB	RB82	RB82	RB-T11	IND	11	22.0	2	1	-36	28.3			272.34		2		
309	Isaiah Williams	WR	WR119	WR119	WR-T12	NYJ	9	24.6	3	1	-7	28.0	0.6	8	301.6		3		
310	Noah Gray	TE	TE50	TE50	TE-T9	KC	10	26.3	6	1	17	27.6	73.3	16	327.17		2		
311	Malik Davis	RB	RB83	RB83	RB-T11	DAL	10	26.8	3	1	-37	27.5			273.91		2	ADD	
312	Joshua Palmer	WR	WR120	WR120	WR-T12	BUF	7			1	-10	27.5			302.48		3		
313	Quinn Ewers	QB	QB48	QB48	QB-T9	MIA	12	22.5	2	1	40	27.3			353.0		2		
314	KaVontae Turpin	WR	WR121	WR121	WR-T12	DAL	10	29.1	5	1	-6	27.1	61.2	17	308.07		4		
315	Seth McGowan	RB	RB84	RB84	RB-T11	IND	11	23.9	R	1	-41	26.9			274.37			ADD	
316	Ja'Tavion Sanders	TE	TE51	TE51	TE-T9	CAR	14	22.4	3	1	14	26.8	40.2	15	329.75				
317	Konata Mumpfield	WR	WR122	WR122	WR-T12	LAR	8	22.9	2	1	-8	26.7			309.32		3		
318	Joe Milton III	QB	QB49	QB49	QB-T9	DAL	10	25.5	3	1	37	26.1	19.2	1	355.25		2		
319	Trey Benson	RB	RB85	RB85	RB-T11	ARI	8	23.1	3	1	-43	26.0	41.0	12	276.23		3		
320	Tez Johnson	WR	WR123	WR123	WR-T12	TB	9	23.3	2	1	-7	26.0			312.79		4		
321	Dawson Knox	TE	TE52	TE52	TE-T9	BUF	7	28.8	8	1	9	25.9	37.1	14	329.97		2		
322	Olamide Zaccheaus	WR	WR124	WR124	WR-T12	ATL	5	28.1	8	1	-8	25.3	69.4	16	313.72		3		
323	Josh Williams	RB	RB86	RB86	RB-T11	TB	9	25.2	2	1	-45	25.1			278.0		4		
324	Malik Benson	WR	WR125	WR125	WR-T12	LV	8	22.9	R	1	-9	24.7			314.92				
325	Jonnu Smith	TE	TE53	TE53	TE-T9	GB	5	30.0	10	1	11	24.5	134.3	17	336.25		2		
326	Tai Felton	WR	WR126	WR126	WR-T12	MIN	6	22.5	2	1	-10	24.3			316.0		3		
327	Kendre Miller	RB	RB87	RB87	RB-T11	NO	11	23.2	4	1	-44	24.1	24.1	6	282.95		3		
328	Barion Brown	WR	WR127	WR127	WR-T12	NO	11	21.7	R	1	-12	23.9			316.0			ADD	
329	Gardner Minshew II	QB	QB50	QB50	QB-T9	ARI	8	29.3	8	1	28	23.8	100.5	10	357.5		2		
330	Justin Joly	TE	TE54	TE54	TE-T9	DEN	12	21.1	R	1	9	23.7			338.77			DROP	
331	Brashard Smith	RB	RB88	RB88	RB-T11	KC	10	22.4	2	1	-48	22.9			283.11		3		
332	Jalen Royals	WR	WR128	WR128	WR-T12	KC	10	22.5	2	1	-16	22.9			316.32	Out - Knee	5		
333	John Bates	TE	TE55	TE55	TE-T9	WAS	12	27.8	6	1	9	22.9	6.4	13	341.67		2		
334	Moliki Matavao	TE	TE56	TE56	TE-T9	NO	11	22.5	2	1	9	22.6			343.0		4		
335	Tyler Lockett	WR	WR129	WR129	WR-T12	LV	8	32.9	11	1	-18	22.5	72.0	17	316.5		5		
336	Adam Randall	RB	RB89	RB89	RB-T11	BAL	7	21.1	R	1	-49	22.4			287.12				
337	Brenen Thompson	WR	WR130	WR130	WR-T12	LAC	12	22.1	R	1	-20	22.0			316.72				
338	Tyrod Taylor	QB	QB51	QB51	QB-T9	GB	5	36.1	16	1	22	21.8	18.0	2	360.33		2		
339	Marlin Klein	TE	TE57	TE57	TE-T9	HOU	6	23.0	R	1	6	21.7			344.8				
340	Jordan Watkins	WR	WR131	WR131	WR-T12	SF	14	23.5	2	1	-22	21.3			318.0	Doubtful - Ankle	4		
341	Emari Demercado	RB	RB90	RB90	RB-T11	KC	10	26.6	4	1	-51	21.2	38.7	13	289.63		2		
342	Noah Fant	TE	TE58	TE58	TE-T9	NO	11	27.8	8	1	4	21.1	56.0	14	346.18		2		
343	Colbie Young	WR	WR132	WR132	WR-T12	CIN	10	23.1	R	1	-25	21.0			318.14				
344	Tommy Tremble	TE	TE59	TE59	TE-T9	CAR	14	25.2	6	1	4	20.7	33.4	10	347.87		2		
345	Treylon Burks	WR	WR133	WR133	WR-T12	WAS	12	25.4	5	1	-26	20.4	3.5	5	318.55		5		
346	Bam Knight	RB	RB91	RB91	RB-T11	ARI	8	24.4	4	1	-54	20.1			291.97		4		
347	Luke McCaffrey	WR	WR134	WR134	WR-T12	WAS	12	24.4	3	1	-28	19.8	16.8	13	319.16		2		
348	Will Kacmarek	TE	TE60	TE60	TE-T9	MIA	12	22.6	R	1	0	19.6			348.0				
349	Kaleb Johnson	RB	RB92	RB92	RB-T11	PIT	5	22.1	2	1	-56	19.5			292.75		3		Grading NFL offseason trades: Sizing up RB Kaleb Johnson to the Packers (rss:espn)
350	Steelers	DST	DST7	DST7	DST-T2	PIT	5			1	-164	19.4			186.35				
351	Tyler Loop	K	K7	K7	K-T2	BAL	7	24.1	2	1	-142	19.4			208.72				
352	Cedric Tillman	WR	WR135	WR135	WR-T12	FA		25.4	4	1	-33	19.4	49.4	9	319.47		2		
353	Patriots	DST	DST8	DST8	DST-T2	NE	14			1	-166	19.3			186.74				
354	Evan McPherson	K	K8	K8	K-T2	CIN	10	26.1	6	1	-138	19.3			215.94				
355	Jaguars	DST	DST9	DST9	DST-T2	JAC	8			1	-166	19.2			189.41				
356	Cairo Santos	K	K9	K9	K-T2	CHI	5	33.8	13	1	-140	19.2			216.34				
357	Chargers	DST	DST10	DST10	DST-T2	LAC	12			1	-163	19.1			193.51				
358	Jake Bates	K	K10	K10	K-T2	DET	8	26.5	3	1	-137	19.1			221.13				
359	Van Jefferson	WR	WR136	WR136	WR-T12	WAS	12	29.1	7	1	-38	19.1	39.6	15	320.5		6		
360	Ravens	DST	DST11	DST11	DST-T2	BAL	7			1	-162	19.0			198.22				
361	Andy Borregales	K	K11	K11	K-T2	NE	14	22.7	2	1	-138	19.0			223.39				
362	Packers	DST	DST12	DST12	DST-T2	GB	5			1	-158	18.9			204.15				
363	Chase McLaughlin	K	K12	K12	K-T2	TB	9	29.4	8	1	-136	18.9			227.08				
364	Matt Hibner	TE	TE61	TE61	TE-T9	BAL	7			1	-15	18.9			348.8				
365	Chiefs	DST	DST13	DST13	DST-T2	KC	10			1	-155	18.8			209.54				
366	Harrison Mevis	K	K13	K13	K-T2	LAR	8	23.4	2	1	-139	18.8			227.34				
367	Tyson Bagent	QB	QB52	QB52	QB-T9	CHI	5	25.2	4	1	-1	18.8		4	366.0		2		
368	Browns	DST	DST14	DST14	DST-T2	CLE	9			1	-149	18.7			219.26				
369	Brandon McManus	K	K14	K14	K-T2	FA		34.1	12	1	-139	18.7			229.8				
370	Lions	DST	DST15	DST15	DST-T2	DET	8			1	-150	18.6			220.32				
371	Daniel Carlson	K	K15	K15	K-T2	NO	11	30.6	9	1	-134	18.6			236.8				
372	Demarcus Robinson	WR	WR137	WR137	WR-T12	SF	14	30.9	11	1	-51	18.6	92.5	17	321.23		3		
373	Commanders	DST	DST16	DST16	DST-T2	WAS	12			1	-152	18.5			220.83				
374	Spencer Shrader	K	K16	K16	K-T2	IND	11	26.3	3	1	-132	18.5			241.67				
375	Bills	DST	DST17	DST17	DST-T2	BUF	7			1	-148	18.4			227.39				
376	Chris Boswell	K	K17	K17	K-T2	PIT	5	34.5	12	1	-134	18.4	145.0		241.99				
377	Jaleel McLaughlin	RB	RB93	RB93	RB-T11	DEN	12	25.0	4	1	-82	18.4	73.2	16	294.53		3		
378	Titans	DST	DST18	DST18	DST-T2	TEN	10			1	-143	18.3			234.77				
379	Harrison Butker	K	K18	K18	K-T2	KC	10	30.1	10	1	-136	18.3			242.72				
380	Ben Sauls	K	K19	K19	K-T2	NYG	14	24.1	1	1	-137	18.2			243.4				
381	Cowboys	DST	DST19	DST19	DST-T2	DAL	10			1	-132	18.2			249.34				
382	Joey Slye	K	K20	K20	K-T2	TEN	10	29.4	8	1	-138	18.1			243.5				
383	Giants	DST	DST20	DST20	DST-T2	NYG	14			1	-130	18.1			253.0				
384	Ashton Dulin	WR	WR138	WR138	WR-T12	IND	11	28.3	8	1	-63	18.1	17.2	13	321.36		3		
385	Ryan Fitzgerald	K	K21	K21	K-T2	CAR	14	25.1	2	1	-138	18.0			247.5				
386	Raiders	DST	DST21	DST21	DST-T2	LV	8			1	-130	18.0			255.6				
387	Jake Moody	K	K22	K22	K-T2	FA		25.8	4	1	-138	17.9			249.0				
388	49ers	DST	DST22	DST22	DST-T2	SF	14			1	-130	17.9			257.6				
389	Ben Sinnott	TE	TE62	TE62	TE-T9	WAS	12	23.2	3	1	-37	17.9	8.8	7	352.15		3		
390	Blake Grupe	K	K23	K23	K-T2	IND	11	26.8	4	1	-137	17.8			253.43				
391	Jets	DST	DST23	DST23	DST-T2	NYJ	9			1	-133	17.8			258.25				
392	Roman Hemby	RB	RB94	RB94	RB-T11	LV	8	23.0	R	1	-96	17.8			295.5				
393	Will Reichard	K	K24	K24	K-T2	MIN	6	24.6	3	1	-139	17.7			253.6				
394	Saints	DST	DST24	DST24	DST-T2	NO	11			1	-134	17.7			260.49				
395	Nick Folk	K	K25	K25	K-T2	ATL	5	40.8	19	1	-141	17.6			253.64				
396	Bears	DST	DST25	DST25	DST-T2	CHI	5			1	-133	17.6			263.0				
397	Trey Smack	K	K26	K26	K-T2	GB	5	22.1	R	1	-139	17.5			258.2				
398	Bengals	DST	DST26	DST26	DST-T2	CIN	10			1	-133	17.5			265.42				
399	Dont'e Thornton Jr.	WR	WR139	WR139	WR-T12	LV	8	22.8	2	1	-77	17.5			322.35		4		
400	Cade Stover	TE	TE63	TE63	TE-T9	HOU	6	25.2	3	1	-47	17.5	19.3	14	353.0		3		
401	Wil Lutz	K	K27	K27	K-T2	DEN	12	31.2	11	1	-136	17.4			264.96				
402	Falcons	DST	DST27	DST27	DST-T2	ATL	5			1	-134	17.4			268.04				
403	Buccaneers	DST	DST28	DST28	DST-T2	TB	9			1	-132	17.3			271.14				
404	Chad Ryland	K	K28	K28	K-T2	ARI	8	25.9	4	1	-130	17.3			274.14				
405	Riley Leonard	QB	QB53	QB53	QB-T9	IND	11	23.0	2	1	-34	17.3			371.2		3		
406	Colts	DST	DST29	DST29	DST-T2	IND	11			1	-131	17.2			275.07				
407	Tyler Bass	K	K29	K29	K-T2	BUF	7	28.5	7	1	-128	17.2			278.56	Out - Hip			
408	Panthers	DST	DST30	DST30	DST-T2	CAR	14			1	-130	17.1			278.32				
409	Zane Gonzalez	K	K30	K30	K-T2	FA		30.3	9	1	-129	17.1			280.46				
410	Luke Musgrave	TE	TE64	TE64	TE-T9	GB	5	25.0	4	1	-56	17.1	4.5	7	353.9		2		
411	Dolphins	DST	DST31	DST31	DST-T2	MIA	12			1	-131	17.0			280.29				
412	Charlie Smyth	K	K31	K31	K-T2	NO	11	24.2	2	1	-131	17.0			280.74				
413	Cardinals	DST	DST32	DST32	DST-T2	ARI	8			1	-126	16.9			287.0				
414	Jake Elliott	K	K32	K32	K-T2	PHI	9	30.6	10	1	-125	16.9			289.14				
415	Drew Stevens	K	K33	K33	K-T2	WAS	12	21.7	R	1	-125	16.8			290.33				
416	Tyler Badie	RB	RB95	RB95	RB-T11	DEN	12	26.6	3	1	-120	16.8	6.4	3	296.0		4		
417	Elijah Higgins	TE	TE65	TE65	TE-T9	ARI	8	24.8	4	1	-63	16.8	29.2	15	354.3		3		
418	Jason Sanders	K	K34	K34	K-T2	NYJ	9	29.8	9	1	-116	16.7			302.0				
419	Dominic Zvada	K	K35	K35	K-T2	NYG	14	21.9	R	1	-66	16.6			352.5				
420	Kalif Raymond	WR	WR140	WR140	WR-T12	CHI	5	31.1	10	1	-97	16.4	33.5	12	322.8		4		
421	Trey Lance	QB	QB54	QB54	QB-T9	LAC	12	25.3	6	1	-42	16.3	12.7	4	378.5		2		
422	Devin Singletary	RB	RB96	RB96	RB-T11	NYG	14	28.0	8	1	-125	16.2	75.6	15	297.23		3		
423	John Metchie III	WR	WR141	WR141	WR-T12	CAR	14	25.1	4	1	-100	16.1	31.4	10	323.27		5		
424	Austin Hooper	TE	TE66	TE66	TE-T9	ATL	5	30.8	11	1	-69	16.0	63.6	17	355.45		2		
425	Kyle Juszczyk	RB	RB97	RB97	RB-T11	SF	14	34.4	14	1	-126	15.8			298.55				
426	Odell Beckham Jr.	WR	WR142	WR142	WR-T12	NYG	14	32.8	11	1	-99	15.6	5.5	8	326.8			ADD	
427	Josh Oliver	TE	TE67	TE67	TE-T9	MIN	6	28.4	8	1	-66	15.5	43.8	12	361.4		2		
428	Jarquez Hunter	RB	RB98	RB98	RB-T11	MIA	12	22.7	2	1	-128	14.9			299.68		3		
429	Devontez Walker	WR	WR143	WR143	WR-T12	BAL	7	24.2	3	1	-101	14.8	8.1	3	328.0		3		
430	Daniel Bellinger	TE	TE68	TE68	TE-T9	TEN	10	24.9	5	1	-69	14.8	12.5	12	361.42		2	ADD	
431	Kevin Coleman Jr.	WR	WR144	WR144	WR-T12	MIA	12	22.0	R	1	-102	14.4			329.48				
432	Durham Smythe	TE	TE69	TE69	TE-T9	BAL	7	30.1	9	1	-68	14.4	5.3	14	363.5		2		
433	Jerome Ford	RB	RB99	RB99	RB-T11	WAS	12	26.0	5	1	-132	14.2	97.0	14	301.18		3		
434	CJ Daniels	WR	WR145	WR145	WR-T12	LAR	8	23.7	R	1	-102	14.2			331.64				
435	Tutu Atwell	WR	WR146	WR146	WR-T12	LAR	8	25.9	6	1	-103	14.2	56.9	15	332.0		4		
436	Zavion Thomas	WR	WR147	WR147	WR-T12	CHI	5	21.5	R	1	-101	13.9			335.0			ADD	
437	Drew Sample	TE	TE70	TE70	TE-T9	CIN	10	29.4	8	1	-73	13.9	16.5	11	364.33		3		
438	Tahj Brooks	RB	RB100	RB100	RB-T11	CIN	10	23.3	2	1	-136	13.7			302.0		3		
439	DeAndre Hopkins	WR	WR148	WR148	WR-T12	BAL	7	33.2	13	1	-103	13.4	91.0	16	336.0		3		
440	Trevor Etienne	RB	RB101	RB101	RB-T11	CAR	14	21.1	2	1	-137	13.2			302.76		3		
441	Mitchell Evans	TE	TE71	TE71	TE-T9	CAR	14	22.3	2	1	-76	13.2			365.47		3		
442	Savion Williams	WR	WR149	WR149	WR-T12	GB	5	23.8	2	1	-104	13.0			337.52	Questionable - Hamstring	5		
443	Zach Ertz	TE	TE72	TE72	TE-T9	FA		34.8	13	1	-75	12.8	107.4	17	367.8				
444	Isaac Guerendo	RB	RB102	RB102	RB-T11	SF	14	25.2	3	1	-141	12.5	81.2	16	303.33		3		
445	Dyami Brown	WR	WR150	WR150	WR-T12	WAS	12	25.8	6	1	-106	12.5	37.4	15	338.71		3		
446	Tanner Koziol	TE	TE73	TE73	TE-T9	JAC	8	21.6	R	1	-78	12.3			368.2				
447	Max Bredeson	RB	RB103	RB103	RB-T11	MIN	6	22.9	R	1	-142	12.1			305.5				
448	Chris Blair	WR	WR151	WR151	WR-T12	ATL	5	27.9	2	1	-109	12.0	1.7	2	339.0		7		
449	Jackson Hawes	TE	TE74	TE74	TE-T9	BUF	7	24.7	2	1	-76	12.0			372.8		3		
450	Eli Heidenreich	RB	RB104	RB104	RB-T11	PIT	5	22.1	R	1	-143	11.8			307.31				
451	Mitch Tinsley	WR	WR152	WR152	WR-T12	CIN	10			1	-111	11.7			340.0				
452	Nick Westbrook-Ikhine	WR	WR153	WR153	WR-T12	IND	11	28.4	7	1	-111	11.5	103.7	14	341.27		8		
453	Joe Mixon	RB	RB105	RB105	RB-T11	FA		29.1	9	1	-146	11.4	204.5	14	307.38		3		
454	Luke Schoonmaker	TE	TE75	TE75	TE-T9	DAL	10	26.9	4	1	-78	11.4	30.1	12	375.5		3		
455	Deion Burks	WR	WR154	WR154	WR-T12	IND	11	22.6	R	1	-113	11.2			342.33				
456	Audric Estime	RB	RB106	RB106	RB-T11	NO	11			1	-149	10.8			307.49		5		
457	Jahdae Walker	WR	WR155	WR155	WR-T12	CHI	5	23.2	2	1	-113	10.8			343.75		3		
458	Nate Boerkircher	TE	TE76	TE76	TE-T9	JAC	8	24.0	R	1	-81	10.8			377.0				
459	Jeremy Ruckert	TE	TE77	TE77	TE-T9	NYJ	9	25.1	5	1	-81	10.6	10.5	14	377.67		2		
460	Michael Woods II	WR	WR156	WR156	WR-T12	DEN	12			1	-116	10.3			344.5		14		
461	Will Shipley	RB	RB107	RB107	RB-T11	PHI	9	23.0	3	1	-151	10.2	11.7	13	310.44		3		
462	Tanner Hudson	TE	TE78	TE78	TE-T9	CIN	10	30.8	7	1	-81	10.2	19.5	9	380.67		4		
463	Elijah Moore	WR	WR157	WR158	WR-T12	PHI	9	25.4	6	1	-118	10.1	59.9	17	345.0		6		
464	Jordan Whittington	WR	WR158	WR157	WR-T12	LAR	8	24.9	3	1	-119	10.0	30.5	14	345.0		4		
465	Adam Trautman	TE	TE79	TE79	TE-T9	DEN	12	28.6	7	1	-82	9.8	30.8	13	383.0		2		
466	Xavier Restrepo	WR	WR159	WR159	WR-T12	TEN	10	23.4	1	1	-120	9.6			346.0		7		
467	Hunter Luepke	RB	RB108	RB108	RB-T11	DAL	10	25.5	4	1	-154	9.3	14.9	14	312.6				
468	Jacob Cowing	WR	WR160	WR160	WR-T12	SF	14	24.6	3	1	-120	9.3	8.7	15	347.67		5		
469	Kareem Hunt	RB	RB109	RB109	RB-T11	FA		30.1	9	1	-155	9.0	132.4	13	314.33		3		
470	Jaylin Lane	WR	WR161	WR161	WR-T12	WAS	12	23.3	2	1	-121	8.9			348.61		4		
471	Adam Prentice	RB	RB110	RB110	RB-T11	DEN	12	28.6	6	1	-154	8.7			317.0				
472	Greg Dortch	WR	WR162	WR162	WR-T12	DET	8	27.3	6	1	-115	8.7	53.3	17	356.8		4		
473	Reggie Virgil	WR	WR163	WR163	WR-T12	ARI	8	21.3	R	1	-116	8.4			357.5				
474	Raheim Sanders	RB	RB111	RB111	RB-T11	CLE	9	23.2	2	1	-157	8.2			317.0		3		
475	Marquez Valdes-Scantling	WR	WR164	WR164	WR-T12	DAL	10	30.9	9	1	-117	8.1	65.5	13	357.67		4		
476	Sione Vaki	RB	RB112	RB112	RB-T11	DET	8	24.1	3	1	-159	7.8	5.1	9	317.0	Out - Hamstring	3	ADD	
477	Xavier Smith	WR	WR165	WR165	WR-T12	LAR	8	27.9	3	1	-116	7.8	4.2	14	361.0		5		
478	Roschon Johnson	RB	RB113	RB113	RB-T11	CHI	5	24.6	4	1	-158	7.6	61.4	13	319.93	Questionable - Foot	3		
479	Tim Patrick	WR	WR166	WR166	WR-T12	NYJ	9	31.8	9	1	-118	7.5	57.4	15	361.0		5		
480	Jalen Reagor	WR	WR167	WR167	WR-T12	MIA	12	26.7	6	1	-117	7.2	7.7	7	363.33		7		
481	Phil Mafah	RB	RB114	RB114	RB-T11	DAL	10	22.9	2	1	-154	7.1			327.23		4		
482	Jimmy Horn Jr.	WR	WR168	WR168	WR-T12	CAR	14	23.0	2	1	-117	7.0			365.25		4		
483	KeAndre Lambert-Smith	WR	WR169	WR169	WR-T12	LAC	12	23.9	2	1	-115	6.7			368.0		4		
484	Jawhar Jordan	RB	RB115	RB115	RB-T11	HOU	6	26.0	1	1	-156	6.5			328.08		3		
485	Josh Cameron	WR	WR170	WR170	WR-T12	JAC	8	22.5	R	1	-108	6.3			377.5				
486	Patrick Ricard	RB	RB116	RB116	RB-T11	NYG	14	31.3	10	1	-158	6.2	8.2	10	328.33				
487	British Brooks	RB	RB117	RB117	RB-T11	HOU	6	25.8	3	1	-157	5.9	0.2	2	330.0		4		
488	Velus Jones Jr.	WR	WR171	WR171	WR-T12	SEA	8	28.3	6	1	-107	5.8	1.9	2	381.0		5		
489	Lil'Jordan Humphrey	WR	WR172	WR172	WR-T12	DEN	12	27.4	7	1	-100	5.7	33.3	14	389.5		5		
490	Michael Carter	RB	RB118	RB118	RB-T11	TEN	10	64.8	9	1	-160	5.4	24.8	3	330.13		4		
491	J'Mari Taylor	RB	RB119	RB119	RB-T11	JAC	8	23.5	R	1	-161	5.0			330.42			DROP	
492	Lew Nichols III	RB	RB120	RB120	RB-T11	PIT	5	24.0	1	1	-160	4.6			331.5		4		
493	Jacob Saylors	RB	RB121	RB121	RB-T11	DET	8	25.5	2	1	-160	4.4			333.0		4	ADD	
494	Reggie Gilliam	RB	RB122	RB122	RB-T11	NE	14	28.0	7	1	-159	4.2	0.7	7	335.0				
495	Tyler Goodson	RB	RB123	RB123	RB-T11	ATL	5	24.8	4	1	-158	3.9	33.4	14	336.57	Questionable - Elbow	2		
496	Robert Henry Jr.	RB	RB124	RB124	RB-T11	WAS	12	23.7	R	1	-159	3.7			337.0				
497	Rasheen Ali	RB	RB125	RB125	RB-T11	BAL	7	24.5	3	1	-160	3.4	3.1	5	337.3		3		
498	Ronnie Rivers	RB	RB126	RB126	RB-T11	LAR	8	26.6	5	1	-160	3.1	13.3	6	338.25		3		
499	Ty Chandler	RB	RB127	RB127	RB-T11	NO	11	27.3	5	1	-161	3.0	22.4	14	338.33		3		
500	Dylan Laube	RB	RB128	RB128	RB-T11	LV	8	25.7	3	1	-161	2.8		6	338.6		2		
501	Jam Miller	RB	RB129	RB129	RB-T11	NE	14	21.3	R	1	-162	2.5			339.0			DROP	
502	Zavier Scott	RB	RB130	RB130	RB-T11	MIN	6	26.1	2	1	-162	2.3			340.25	Out - Ankle	3		
503	Khalil Herbert	RB	RB131	RB131	RB-T11	SF	14	27.4	6	1	-161	2.0	21.5	11	341.75		4		
504	Antonio Gibson	RB	RB132	RB132	RB-T11	FA		63.2	5	1	-160	1.9	80.4	17	343.67		3		
505	Terrell Jennings	RB	RB133	RB133	RB-T11	FA		24.7	2	1	-160	1.7	3.3	2	345.0		3		
506	Dameon Pierce	RB	RB134	RB134	RB-T11	PHI	9	25.5	5	1	-158	1.5	41.5	10	347.5		5		
507	Jeremy McNichols	RB	RB135	RB135	RB-T11	WAS	12	29.7	6	1	-159	1.3	52.8	15	347.8		4		
508	Austin Ekeler	RB	RB136	RB136	RB-T11	FA		30.3	9	1	-154	1.1	97.3	12	354.2		3		
509	Kene Nwangwu	RB	RB137	RB137	RB-T11	NYJ	9	27.6	6	1	-152	1.0		2	356.5		5		
510	Noah Whittington	RB	RB138	RB138	RB-T11	HOU	6	23.7	R	1	-150	1.0			359.5				
511	Cash Jones	RB	RB139	RB139	RB-T11	ATL	5	25.4	R	1	-150	0.9			360.5				
512	Damien Martinez	RB	RB140	RB140	RB-T11	GB	5	21.6	1	1	-151	0.8			361.29		5		
513	Michael Burton	RB	RB141	RB141	RB-T11	CLE	9	33.6	12	1	-151	0.6			362.0				
514	Frank Gore Jr.	RB	RB142	RB142	RB-T11	BUF	7	23.5	1	1	-136	0.5			377.5		4		
515	Jaret Patterson	RB	RB143	RB143	RB-T11	LAC	12	25.7	3	1	-136	0.5			378.5		4		
516	Jaydn Ott	RB	RB144	RB144	RB-T11	KC	10	22.7	R	1	-132	0.4			383.5				
