Rank,Player,Pos,Us_Pos,ECR_Pos,ESPN_Pos,Tier,Team,Bye,Age,Exp,Ht,Wt,40yd,OurValue$,vsECR,ADP,vsADP,Mkt30d,ProjPts,P10,P50,P90,2025Pts,2025Gms,ECR,ECR_Best,ECR_Worst,ESPN_Rank,ESPN_ADP,Rostered%,SleeperBuzz,Depth,Latest News,NewsURL,Eligible
1,Jahmyr Gibbs,RB,RB1,RB1,RB1,RB-T1,DET,6,24.5,4,5'9",202,4.36,80,0,1.5,1,-312,231.5,81.4,225.2,383.1,328.4,17,1,1,1,1,1.8,100,,,Jahmyr Gibbs  Amon-Ra St. Brown first teammates with 5-plus TDs each in first three games since 1962 (rss:pft),https://www.nbcsports.com/nfl/profootballtalk/rumor-mill/news/jahmyr-gibbs-amon-ra-st-brown-first-teammates-with-5-plus-tds-each-in-first-three-games-since-1962,RB
2,De'Von Achane,RB,RB2,RB10,RB7,RB-T1,MIA,6,24.9,4,5'9",191,4.32,78,17,10.5,9,656,227.7,84.1,224.1,360,289.3,16,19,15,21,13,21.9,100,DROP,,De'Von Achane out for season: After losing best player  are Dolphins bound to go 0-17? (rss:cbs),https://www.cbssports.com/nfl/news/devon-achane-injury-dolphins-0-17-prediction/,RB
3,Bijan Robinson,RB,RB3,RB2,RB2,RB-T1,ATL,11,24.6,4,5'11",215,4.46,77,0,2.2,-1,-44,226.4,85,221.8,350.5,331.3,17,3,3,3,2,3.7,100,,,,,RB
4,Ja'Marr Chase,WR,WR1,WR1,WR2,WR-T1,CIN,6,26.5,6,6'0",205,4.34,74,-1,3.9,0,-249,229.2,135.3,241.6,309.2,251.1,16,2.67,2,6,4,5.4,100,,,,,WR
5,James Cook III,RB,RB4,RB3,RB6,RB-T1,BUF,7,26.9,5,5'11",190,4.42,71,0,9.5,5,480,217.7,79.5,206.4,336.8,285.7,17,4.67,4,5,12,13.1,100,,,,,RB
6,Saquon Barkley,RB,RB5,RB8,RB8,RB-T1,PHI,10,29.6,9,6'0",232,4.4,65,10,16.7,11,282,209.5,99.8,202.4,318.7,213.8,16,16.33,11,23,15,22.6,100,,,The only way for Eagles offense to get out of self-sabotage mode (rss:yahoo),https://sports.yahoo.com/articles/only-way-eagles-offense-self-070000450.html,RB
7,Josh Allen,QB,QB1,QB1,QB1,QB-T1,BUF,7,30.3,9,6'5",237,4.75,64,18,29.7,23,-368,323.3,141,335.6,456,364.6,16,25,25,25,36,11.5,100,,,NFL MVP race entering Week 4: Josh Allen stays No. 1  but the field is closing fast (rss:cbs),https://www.cbssports.com/nfl/news/nfl-mvp-candidates-2026-josh-allen-patrick-mahomes-week-4/,QB
8,Ashton Jeanty,RB,RB6,RB9,RB9,RB-T1,LV,13,22.7,2,5'8",208,,64,9,23.1,15,-961,207.6,99.8,201.7,317.2,217.6,17,17.33,14,19,16,22.4,100,,,,,RB
9,Colston Loveland,TE,TE1,TE3,TE3,TE-T1,CHI,10,22.4,2,6'6",241,,62,34,59.8,51,-574,190.3,100,189,276.8,136.1,16,43,43,43,50,57.7,99,,,,,TE
10,Brock Bowers,TE,TE2,TE2,TE2,TE-T1,LV,13,23.7,3,6'3",235,,61,26,40.1,30,-272,189.6,93.1,189.7,287.5,144.2,12,35.67,24,38,21,27.9,100,,,Seven things Solak thinks: Brock Bowers is the new JSN? The Rams need yet another trade? (rss:espn),https://www.espn.com/nfl/story/_/id/50054740/week-4-seven-things-solak-thinks-lamar-mvp-bills-rams-trade,TE
11,Amon-Ra St. Brown,WR,WR2,WR4,WR4,WR-T1,DET,6,26.9,6,6'0",202,4.51,60,-4,7.9,-3,-170,207.8,98.4,226.6,293.7,265.5,17,7.33,7,8,8,8.4,100,,,Jahmyr Gibbs  Amon-Ra St. Brown first teammates with 5-plus TDs each in first three games since 1962 (rss:pft),https://www.nbcsports.com/nfl/profootballtalk/rumor-mill/news/jahmyr-gibbs-amon-ra-st-brown-first-teammates-with-5-plus-tds-each-in-first-three-games-since-1962,WR
12,Breece Hall,RB,RB7,RB16,RB13,RB-T1,NYJ,13,25.3,5,5'11",217,4.39,60,28,31.4,19,-470,201.5,96.8,200.9,319,189.7,16,39.67,39,41,22,41.3,99,,,,,RB
13,Christian McCaffrey,RB,RB8,RB5,RB3,RB-T1,SF,8,30.2,10,5'11",210,4.48,60,-1,5.5,-7,449,201.5,80,205.4,336.9,365.6,17,11.5,4,21,6,9.4,100,,,,,RB
14,Drake London,WR,WR3,WR10,WR7,WR-T1,ATL,11,25.1,5,6'4",215,,59,6,13.9,0,-743,207.3,114.1,218.3,289.1,167.9,12,20,13,29,14,23.5,100,,,,,WR
15,Puka Nacua,WR,WR4,WR2,WR1,WR-T1,LAR,11,25.3,4,6'2",216,,56,-9,2.8,-12,-519,202.5,96.3,203.3,286.2,310.5,16,6.33,6,8,3,9.3,100,,,,,WR
16,Justin Jefferson,WR,WR5,WR5,WR6,WR-T1,MIN,6,27.2,,6'0",223,4.43,56,-5,13.1,-3,63,202.3,108.7,205.1,294.5,159.5,17,10.5,9,12,10,14,100,,,Vikings WR Jefferson avoids serious injury  could play this week (rss:espn),https://www.espn.com/nfl/story/_/id/50054067/sources-vikings-jefferson-ankle-sprain-play-week,WR
17,Emeka Egbuka,WR,WR6,WR17,WR16,WR-T1,TB,10,23.9,2,6'1",205,,56,19,34.2,17,-356,202.2,103.1,202.1,296.4,164.2,17,36.17,32,40,34,60.7,98,,,,,WR
18,Kenneth Walker III,RB,RB9,RB7,RB11,RB-T2,KC,5,25.9,5,5'9",211,4.38,55,-6,20.3,2,191,194.9,79.8,198.5,324.9,176.4,17,12.17,11,15,18,17.5,100,,,,,RB
19,Trey McBride,TE,TE3,TE1,TE1,TE-T1,ARI,14,26.8,5,6'4",246,,54,7,42.8,24,-952,178.2,85.2,182.5,267.6,252.9,17,26.33,24,38,20,20.9,100,,,,,TE
20,Derrick Henry,RB,RB10,RB11,RB5,RB-T2,BAL,13,32.7,11,6'3",252,4.54,53,0,9.8,-10,450,191.9,78.7,195.9,327.4,272,17,19.83,18,23,11,16.3,100,,,,,RB
21,CeeDee Lamb,WR,WR7,WR6,WR5,WR-T2,DAL,14,27.4,7,6'2",198,4.5,52,-10,12.1,-9,35,196.7,110.2,198.7,286.2,163.4,13,10.67,9,13,9,12,100,,,,,WR
22,Omarion Hampton,RB,RB11,RB12,RB12,RB-T2,LAC,7,23.5,2,6'0",220,4.46,52,0,22.5,1,177,190.9,57.5,194.6,324,119.7,9,21.67,19,23,19,26.9,100,,,Fantasy football buzz: Why Amon-Ra St. Brown  Omarion Hampton have lower ceilings (rss:espn),https://www.espn.com/fantasy/football/story/_/id/40699880/fantasy-football-injuries-position-battles-nfl-news-analysis,RB
23,Chase Brown,RB,RB12,RB6,RB14,RB-T2,CIN,6,26.4,4,5'10",211,4.43,52,-11,13.6,-9,687,190.7,56.7,191.7,321,248.1,17,12.17,10,14,23,24,100,,,,,RB
24,Jaxon Smith-Njigba,WR,WR8,WR3,WR3,WR-T2,SEA,11,24.5,4,6'0",197,,51,-17,5.9,-18,-111,195.7,108,201.5,274.8,300.4,17,6.67,2,8,5,4.6,100,,,,,WR
25,Tetairoa McMillan,WR,WR9,WR20,WR17,WR-T2,CAR,5,23.4,2,6'5",212,,50,15,31.8,7,48,194.3,104.2,200,275.3,178.4,17,39.5,34,45,35,52.4,99,,,,,WR
26,Javonte Williams,RB,RB13,RB13,RB15,RB-T2,DAL,14,26.4,6,5'10",220,4.55,50,11,28.5,3,540,187.3,57.1,187,318.3,225.3,16,37.33,28,51,30,40.4,99,,,,,RB
27,Nico Collins,WR,WR10,WR7,WR9,WR-T2,HOU,8,27.5,6,6'4",222,4.43,49,-12,21,-6,446,192.1,93.1,205.1,276.1,190.7,15,15,13,16,25,38.6,100,,,,,WR
28,Jeremiyah Love,RB,RB14,RB14,RB10,RB-T2,ARI,14,21.3,R,6'0",212,4.36,48,11,27.7,0,-746,184.9,55.8,183.9,315.9,,,38.83,28,42,17,32.8,99,,,,,RB
29,Cam Skattebo,RB,RB15,RB21,RB19,RB-T2,NYG,8,24.6,2,5'11",215,,47,27,37.7,9,-609,182.2,56.7,179.2,315.6,115.7,8,55.83,55,56,40,54.6,98,,,,,RB
30,Lamar Jackson,QB,QB2,QB2,QB3,QB-T2,BAL,13,29.6,,6'2",212,4.58,44,-3,55.6,26,-105,295.4,132.4,312.3,425.3,214.9,13,27,27,27,58,25.2,100,,,Seven things Solak thinks: Brock Bowers is the new JSN? The Rams need yet another trade? (rss:espn),https://www.espn.com/nfl/story/_/id/50054740/week-4-seven-things-solak-thinks-lamar-mvp-bills-rams-trade,QB
31,Chris Olave,WR,WR11,WR8,WR13,WR-T2,NO,8,26.2,5,6'0",187,4.39,41,-14,22.2,-9,434,180.1,71.6,191.2,262.9,218,16,17.17,12,22,29,24.9,99,,,,,WR
32,Zay Flowers,WR,WR12,WR11,WR15,WR-T2,BAL,13,26,4,5'9",183,4.42,40,-7,23.9,-8,469,179.5,74.8,184.9,267.9,200.3,17,24.5,22,29,33,44.5,99,,,,,WR
33,Travis Etienne Jr.,RB,RB16,RB19,RB16,RB-T3,NO,8,27.6,6,5'10",215,4.45,40,19,36.7,4,982,172.2,65,171.6,293.7,235.9,17,51.83,51,55,32,64.1,98,,,,,RB
34,Rashee Rice,WR,WR13,WR16,WR8,WR-T2,KC,5,26.4,4,6'1",203,4.51,39,2,18.3,-16,135,177.3,76.5,173.2,261.9,123.6,8,35.5,31,48,24,37.8,99,,,,,WR
35,Kyren Williams,RB,RB17,RB17,RB17,RB-T3,LAR,11,26,5,5'9",207,4.65,38,8,29.7,-5,612,169.2,59,176.1,272.7,245.3,17,43.33,28,52,38,43.4,99,,,,,RB
36,A.J. Brown,WR,WR14,WR19,WR10,WR-T3,NE,11,29.2,8,6'1",226,4.49,37,3,17,-19,722,174.4,92.8,174.5,257.1,181.3,15,39.17,17,61,26,41.7,98,,,,,WR
37,Jameson Williams,WR,WR15,WR27,WR24,WR-T3,DET,6,25.4,5,6'1",184,,36,16,37.4,0,-100,172.8,84.1,169.2,250.3,187.4,17,53.33,44,61,49,89.5,96,,,,,WR
38,Malik Nabers,WR,WR16,WR12,WR11,WR-T3,NYG,8,23.1,3,6'0",200,,35,-13,26.1,-12,-39,172.5,95.9,174.6,247.6,48.1,4,24.83,13,29,27,48.3,99,,,,,WR
39,Jonathan Taylor,RB,RB18,RB4,RB4,RB-T3,IND,13,27.6,7,5'10",226,4.39,35,-34,5.9,-33,219,165.9,62.5,169.6,275.3,339.3,17,5.33,4,10,7,7.6,100,,,,,RB
40,Drake Maye,QB,QB3,QB5,QB4,QB-T2,NE,11,24,3,6'4",225,,33,6,52.1,12,-74,278.8,128.5,293.5,404.8,351.5,17,45.67,30,70,60,62.6,99,,,'We have to get this thing right': What has gone wrong for Drake Maye and the Patriots' offense? (rss:espn),https://www.espn.com/nfl/story/_/id/50054960/new-england-patriots-offense-struggles-drake-maye-scoring,QB
41,Jayden Daniels,QB,QB4,QB8,QB2,QB-T3,WAS,7,25.7,3,6'4",210,,31,27,72.4,31,-722,275.8,129.9,289.5,401.4,114.3,7,67.67,59,74,56,70.6,98,,,,,QB
42,Justin Herbert,QB,QB5,QB9,QB14,QB-T3,LAC,7,28.5,7,6'6",236,4.68,31,28,103,61,-94,275.3,125.1,290,410.9,286.9,16,69.5,37,79,111,118.4,94,,,Harbaugh offers rare critique of struggling QB Herbert: 'Be better' (rss:espn),https://www.espn.com/nfl/story/_/id/50055213/chargers-jim-harbaugh-struggling-justin-herbert-better,QB
43,DeVonta Smith,WR,WR17,WR13,WR19,WR-T3,PHI,10,27.8,,5'11",195,,31,-16,30.9,-12,77,165.7,89.2,171.6,241.9,163.3,17,26.67,20,32,44,36.2,99,,,,,WR
44,Tyler Warren,TE,TE4,TE4,TE4,TE-T2,IND,13,24.3,2,6'6",256,,31,29,70.2,26,33,144.8,70.2,147.4,221.2,150.5,17,73,73,73,51,54.5,99,,,,,TE
45,D'Andre Swift,RB,RB19,RB15,RB21,RB-T3,CHI,10,27.6,7,5'8",204,4.48,30,-6,39.9,-5,614,158.4,44.5,169.1,267.9,211.6,16,39.33,28,42,42,59.3,97,,,,,RB
46,Harold Fannin Jr.,TE,TE5,TE7,TE6,TE-T2,CLE,11,22.1,2,6'4",241,4.71,30,53,76.1,30,-72,144.1,73.4,141.6,222.1,150.4,16,99,86,107,79,96.3,94,,,,,TE
47,Bhayshul Tuten,RB,RB20,RB22,RB22,RB-T4,JAC,7,23.5,,5'9",209,4.32,29,12,52,5,23,156.6,46.9,154.5,258,83.6,15,58.83,56,69,64,82.3,94,,,,,RB
48,Christian Watson,WR,WR18,WR22,WR33,WR-T4,GB,11,27.3,5,6'4",215,4.36,26,-6,53,5,408,159,74.6,165.2,247,114.9,10,42.17,33,50,76,85,94,,,,,WR
49,TreVeyon Henderson,RB,RB21,RB27,RB30,RB-T4,NE,11,23.9,2,5'10",202,4.43,26,40,65.2,16,-978,151.7,42.4,146.5,261.8,188.7,17,88.67,69,95,118,101.4,92,,,,,RB
50,Caleb Williams,QB,QB6,QB4,QB13,QB-T3,CHI,10,24.8,3,6'1",226,,25,-5,87.5,38,-369,267.7,125.6,275.2,395.9,317.7,17,44.83,30,59,104,115.8,97,,,Ben Johnson praises Case Keenum  doesn't say who Bears' starting QB will be next week (rss:yahoo),https://sports.yahoo.com/articles/ben-johnson-praises-case-keenum-091138926.html,QB
51,Garrett Wilson,WR,WR19,WR14,WR18,WR-T4,NYJ,13,26.1,5,6'0",183,4.38,25,-17,28.3,-23,-85,156.7,71.6,162.2,242.3,81.5,7,33.67,32,40,43,39.3,98,,,,,WR
52,George Pickens,WR,WR20,WR9,WR12,WR-T4,DAL,14,25.5,5,6'3",205,4.47,25,-34,19.9,-32,-98,156.6,72.4,162.6,234.9,245.4,17,17.5,17,20,28,33.5,100,,,,,WR
53,Jadarian Price,RB,RB22,RB25,RB24,RB-T4,SEA,11,22.9,R,5'11",209,4.49,25,22,56.2,3,120,150.2,40.6,142.6,276.6,,,74.83,62,89,67,101.8,94,,,,,RB
54,Joe Burrow,QB,QB7,QB6,QB6,QB-T3,CIN,6,29.7,7,6'4",215,,24,6,54.6,1,-438,265,123.1,276.4,392.5,134.5,8,59.83,54,70,81,58.1,99,,,,,QB
55,Bucky Irving,RB,RB23,RB18,RB20,RB-T4,TB,10,24,3,5'10",194,4.55,23,-4,44.7,-10,-14,148.6,39.5,142.1,266.2,123.5,10,50.67,47,55,41,61.2,97,,,,,RB
56,George Kittle,TE,TE6,TE8,TE8,TE-T3,SF,8,32.9,10,6'4",250,4.52,23,47,90.4,34,135,133.1,61.3,129.1,212.5,133,11,103.33,94,111,122,64.7,95,,,,,TE
57,Jalen Hurts,QB,QB8,QB3,QB5,QB-T4,PHI,10,28.1,7,6'1",223,4.59,22,-14,77.2,20,118,262.4,122.5,278.1,388.5,301.1,16,42.5,30,74,62,59.9,99,,,Sirianni rues reaction to flagged hit on Hurts in Eagles' MNF loss (rss:espn),https://www.espn.com/nfl/story/_/id/50056700/sirianni-regrets-reaction-hit-qb-hurts-eagles-loss,QB
58,Jaylen Warren,RB,RB24,RB26,RB27,RB-T5,PIT,9,27.8,5,5'8",215,4.55,21,29,68.4,10,-234,145.4,32.5,135.8,255.8,197.1,16,86.67,85,95,70,111.1,92,,,,,RB
59,Trevor Lawrence,QB,QB9,QB7,QB8,QB-T4,JAC,7,26.9,6,6'6",220,,20,2,86.4,27,-604,259.6,103.3,273.3,388.8,338.2,17,61.17,54,70,93,112.8,92,,,'Give Bhayshul a touchdown.That's cool:' Trevor Lawrence explains kneel on 1 (rss:espn),https://www.espn.com/nfl/story/_/id/50046652/jaguars-trevor-lawrence-kneel-eight-minutes-fantasy-implications,QB
60,Carnell Tate,WR,WR21,WR30,WR29,WR-T4,TEN,9,21.6,R,6'2",192,4.53,20,1,77,17,-830,149.9,62.1,148.9,232.8,,,61,53,68,72,108.4,91,,,,,WR
61,Marvin Harrison Jr.,WR,WR22,WR35,WR31,WR-T4,ARI,14,24.1,3,6'3",220,,20,13,66,5,-184,149.8,71.9,148.1,231.4,107.3,12,74,60,90,74,113.4,90,,,,,WR
62,Rhamondre Stevenson,RB,RB25,RB24,RB26,RB-T5,NE,11,28.5,6,6'0",227,4.64,20,13,63.6,2,463,143.5,31.5,137.2,256.1,162.8,14,74.5,62,96,69,109.4,93,,,,,RB
63,Tony Pollard,RB,RB26,RB32,RB29,RB-T5,TEN,9,29.3,8,6'0",209,4.52,20,67,69.6,7,293,142.9,33.6,134,268,169.3,17,130,96,173,117,117.3,89,,,,,RB
64,Bo Nix,QB,QB10,QB14,QB10,QB-T4,DEN,10,26.5,3,6'2",217,,19,41,110.4,46,-188,258.6,102.8,266.9,386.3,304.8,17,104.83,98,113,97,130.7,84,,,Bo Nix may struggle early  but he is proving to be the comeback king of the NFL (rss:yahoo),https://sports.yahoo.com/articles/bo-nix-may-struggle-early-120000286.html,QB
65,Rome Odunze,WR,WR23,WR31,WR20,WR-T5,CHI,10,24.2,3,6'3",215,4.45,19,-2,48.1,-17,-575,149.1,61.2,147.4,228.9,124.1,12,63.17,60,65,45,96.9,95,,,,,WR
66,DJ Moore,WR,WR24,WR24,WR26,WR-T5,BUF,7,29.4,9,6'0",213,4.56,19,-18,45.8,-20,316,148.3,55.9,149.2,228.3,147.2,17,48,35,58,53,80.3,97,,,,,WR
67,Brock Purdy,QB,QB11,QB10,QB11,QB-T4,SF,8,26.7,5,6'1",220,4.84,18,15,88.5,22,-187,256.5,88.1,270.1,376,177.4,9,82.33,59,98,99,78.2,88,,,Let's overreact to NFL Week 3: Brock Purdy is the MVP front-runner? (rss:espn),https://www.espn.com/nfl/story/_/id/50043224/week-3-overreactions-2026-graziano,QB
68,Jaxson Dart,QB,QB12,QB12,QB7,QB-T4,NYG,8,23.3,2,6'2",223,,17,25,125.9,58,-31,254.8,89.4,274.1,360.5,241.6,14,93.33,79,101,85,115.2,93,,,J.J. McCarthy isn't the answer for the Giants ... right? Barnwell on the trade's potential impact (rss:espn),https://www.espn.com/nfl/story/_/id/50053035/jj-mccarthy-trade-giants-vikings-quarterback-deadline-barnwell,QB
69,DK Metcalf,WR,WR25,WR33,WR30,WR-T5,PIT,9,28.7,8,6'4",229,4.33,17,-2,63.6,-5,-481,145.9,55.2,141.5,226.1,157.7,15,67.17,64,76,73,107.5,92,,,,,WR
70,Khalil Shakir,WR,WR26,WR53,WR45,WR-T5,BUF,7,26.6,5,6'0",190,4.43,17,36,107.8,38,-99,145.4,57.6,144.6,228.6,130.4,16,105.83,99,112,110,142.9,60,DROP,,,,WR
71,Tee Higgins,WR,WR27,WR18,WR21,WR-T5,CIN,6,27.6,7,6'4",219,,16,-33,35.1,-36,-725,143.7,53.3,138.4,228.7,182.1,15,37.5,34,44,46,59.2,98,,,,,WR
72,Quinshon Judkins,RB,RB27,RB23,RB18,RB-T5,CLE,11,22.8,2,6'0",221,4.48,16,-4,50,-22,-495,138.3,26.7,135,263.1,156.8,14,68.33,57,80,39,71.5,96,,,,,RB
73,MarShawn Lloyd,RB,RB28,RB35,RB34,RB-T5,GB,11,25.7,3,5'9",220,4.46,16,63,113.3,40,1249,137.4,25.3,131.4,268.3,,,136.17,120,149,128,133,79,DROP,,,,RB
74,Jaylen Waddle,WR,WR28,WR15,WR25,WR-T5,DEN,10,27.8,6,5'10",185,,15,-40,45.1,-29,505,143.2,56.5,129.4,229.2,162.1,16,34.17,31,45,52,71.9,97,,,,,WR
75,Kyle Pitts Sr.,TE,TE7,TE10,TE5,TE-T4,ATL,11,25.9,6,6'6",250,4.44,15,34,94.5,20,-337,122.6,48.8,122.4,195.3,166.8,17,108.67,100,118,78,99.9,93,DROP,,,,TE
76,Sam LaPorta,TE,TE8,TE5,TE7,TE-T4,DET,6,25.6,4,6'3",245,4.59,14,12,99.8,24,28,120.3,51.4,114.2,195.3,86.9,9,88,86,94,80,82.3,98,,,,,TE
77,Davante Adams,WR,WR29,WR29,WR14,WR-T6,LAR,11,33.7,13,6'1",204,4.56,13,-18,37.8,-39,99,140.4,56.8,131.2,232.5,192.9,14,58.5,44,65,31,41.5,97,,,,,WR
78,Luther Burden III,WR,WR30,WR25,WR27,WR-T6,CHI,10,22.7,2,6'0",210,4.41,13,-27,51.3,-27,-662,139.6,53,124.6,241.6,104.4,15,50.5,46,60,54,103.8,95,,,,,WR
79,J.K. Dobbins,RB,RB29,RB31,RB31,RB-T6,DEN,10,27.7,7,5'10",212,,10,51,78.4,-1,128,129.5,33.4,129.2,246.7,110.4,10,129.67,106,170,119,136.7,86,,,,,RB
80,Terry McLaurin,WR,WR31,WR28,WR23,WR-T7,WAS,7,31,8,6'0",210,4.35,9,-25,45.1,-35,-461,133.7,43,130.8,227.8,95.2,10,54.5,49,60,48,85.6,96,,,,,WR
81,Jonathon Brooks,RB,RB30,RB28,RB28,RB-T6,CAR,5,23.1,3,6'0",207,,9,15,89.2,8,49,128.1,24.9,126.8,263.9,,,95.67,69,120,116,131.9,83,,,,,RB
82,Tucker Kraft,TE,TE9,TE6,TE9,TE-T5,GB,11,25.8,4,6'5",259,4.69,9,7,104.5,23,0,113,52.6,109.4,179.8,101.2,8,88.67,86,94,123,114.6,95,,,Tucker Kraft has 'hindsight' after comments about Packers being booed in loss to Falcons (rss:yardbarker),https://www.yardbarker.com/nfl/articles/tucker_kraft_has_hindsight_after_comments_about_packers_being_booed_in_loss_to_falcons/s1_13132_44363093,TE
83,Jake Ferguson,TE,TE10,TE16,TE13,TE-T5,DAL,14,27.6,5,6'5",250,4.81,9,50,146.5,64,-91,112.7,48,108.6,181.3,147.1,17,133.33,124,157,133,130.8,82,,,,,TE
84,Dak Prescott,QB,QB13,QB11,QB9,QB-T5,DAL,14,33.1,11,6'2",230,4.79,8,7,63.4,-21,18,243.1,79.3,264,351.9,313.8,17,90.67,79,104,95,78.8,95,,,Stephen Jones responds to Dak Prescott comments after Cowboys' loss to Ravens (rss:yardbarker),https://www.yardbarker.com/nfl/articles/stephen_jones_responds_to_dak_prescott_comments_after_cowboys_loss_to_ravens/s1_13132_44363025,QB
85,Jared Goff,QB,QB14,QB15,QB18,QB-T5,DET,6,31.9,11,6'4",217,4.82,7,21,97.6,13,162,241.2,73.6,261.8,358,297.1,17,106,101,113,168,131.4,76,,,,,QB
86,Patrick Mahomes II,QB,QB15,QB13,QB15,QB-T5,KC,5,31,10,6'2",225,4.8,7,17,102.9,17,-425,240.9,59.4,265,365.4,285.2,14,103.17,98,105,113,71,88,,,,,QB
87,Alec Pierce,WR,WR32,WR38,WR32,WR-T7,IND,13,26.3,5,6'3",211,4.41,7,-8,61.7,-25,-269,131.5,41.6,127,221.8,159.8,15,79.17,67,84,75,136.8,85,,,,,WR
88,Rachaad White,RB,RB31,RB38,RB41,RB-T7,WAS,7,27.6,5,6'0",214,4.48,7,54,128,40,57,124.2,20.4,109.5,243.1,123,17,142.17,130,150,150,138.2,64,,,,,RB
89,Hunter Henry,TE,TE11,TE19,TE16,TE-T5,NE,11,31.7,11,6'5",249,4.79,7,51,158.9,70,-70,109.9,48,105.7,183.9,148.8,17,140.17,135,152,144,160.7,58,,,,,TE
90,Isaiah Likely,TE,TE12,TE11,TE15,TE-T6,NYG,8,26.4,5,6'4",241,,6,21,132.8,43,139,109.5,53.9,106.7,178.3,48.2,12,111.17,86,124,143,109.6,89,,,,,TE
91,Tyler Shough,QB,QB16,QB20,QB17,QB-T6,NO,8,26.9,2,6'5",219,4.63,5,32,142.2,51,-200,238,69.3,263.6,362.4,158,11,123.33,119,129,164,121.2,48,,,,,QB
92,Dallas Goedert,TE,TE13,TE12,TE10,TE-T6,PHI,10,31.7,9,6'5",256,,5,20,113.8,22,106,107.8,42.9,100.2,184.4,155.1,15,112,109,123,124,137.3,91,,,,,TE
93,Dalton Kincaid,TE,TE14,TE9,TE14,TE-T6,BUF,7,26.9,4,6'3",246,,5,13,145.2,52,406,107,33.1,102.7,188.7,106.6,12,105.67,94,111,136,98.8,90,,,,,TE
94,Ladd McConkey,WR,WR33,WR21,WR22,WR-T8,LAC,7,24.8,,6'0",185,4.39,4,-53,40.1,-54,-296,126.8,40.8,127.6,212.8,147.9,16,40.67,35,48,47,66.1,98,,,,,WR
95,Mark Andrews,TE,TE15,TE15,TE12,TE-T7,BAL,13,31,9,6'5",250,4.67,3,36,135.1,40,-115,105.2,39.7,96.9,188,107,17,131.17,121,158,132,137.7,83,DROP,,,,TE
96,Brandon Aubrey,K,K1,K1,K1,K-T1,DAL,14,31.5,4,6'3",218,,2,91,129,33,,130.5,91.5,132.7,170.2,0.6,17,187,187,187,240,74.3,99,,,,,K
97,Ka'imi Fairbairn,K,K2,K2,K5,K-T1,HOU,8,32.6,11,6'0",183,4.96,2,95,128,31,,129.2,87.3,132.9,170.4,0,15,192,192,192,246,137.2,96,,,,,K
98,Cameron Dicker,K,K3,K3,K2,K-T1,LAC,7,26.3,5,6'1",216,,2,96,139.4,41,,125.7,76.1,130.1,167.1,0,17,193.83,193,198,241,113.1,97,,,,,K
99,Cam Little,K,K4,K4,K8,K-T1,JAC,7,23,3,6'1",172,,2,98,156.4,57,,125.6,76,131,167.4,0,17,197.17,193,198,250,139.5,92,,,,,K
100,Jason Myers,K,K5,K5,K3,K-T1,SEA,11,35.3,12,5'10",190,,2,101,125.1,25,,124,71.1,132.3,168.9,0,17,200.67,200,204,242,110.5,96,,,,,K
101,Eddy Pineiro,K,K6,K6,K6,K-T1,SF,8,31,9,5'11",190,,2,102,,,,121,70.2,127.4,160.9,0,14,203.33,200,204,248,146.9,62,,,,,K
102,Tyler Loop,K,K7,K7,K10,K-T1,BAL,13,25.1,2,5'11",191,,2,110,162.3,60,,118.9,68.1,126.5,156.8,0,17,212.17,207,216,255,158.9,63,,,Lamar Jackson  Tyler Loop help Ravens exorcise demons  earn most important regular-season win in recent memory (rss:cbs),https://www.cbssports.com/nfl/news/ravens-exorcise-demons-beat-cowboys-in-brazil/,K
103,Evan McPherson,K,K8,K8,K15,K-T1,CIN,6,27.1,6,5'11",185,,2,111,164.9,62,,118.7,71.4,123,159.2,0,17,214.33,213,216,362,153,47,,,,,K
104,HOU D/ST,DST,DST1,DST1,,DST-T1,HOU,8,,,,,,2,50,,,,118.2,78.6,114,170.5,,,154.33,151,161,,,95,,,,,DST
105,Cairo Santos,K,K9,K10,K11,K-T1,CHI,10,34.8,13,5'8",173,4.76,2,112,160.2,55,,116.6,66.8,125.2,154.9,0,15,217,207,252,256,167.5,33,,,,,K
106,Jake Bates,K,K10,K11,K9,K-T1,DET,6,27.5,3,5'10",205,,2,112,146.5,41,,116.6,45.3,124,156.3,0,17,218,207,240,252,159.7,70,,,,,K
107,DEN D/ST,DST,DST2,DST4,,DST-T1,DEN,10,,,,,,2,64,,,,115.9,78.1,114.8,160.6,,,171,167,183,,,93,,,,,DST
108,LAR D/ST,DST,DST3,DST3,,DST-T1,LAR,11,,,,,,2,60,,,,114.1,75.1,112.8,159.9,,,168.33,161,172,,,86,,,,,DST
109,PHI D/ST,DST,DST4,DST5,,DST-T1,PHI,10,,,,,,2,63,,,,111.2,68.1,109.7,162,,,171.67,171,172,,,87,,,,,DST
110,SEA D/ST,DST,DST5,DST2,,DST-T1,SEA,11,,,,,,2,49,,,,111.2,67.8,107,149.4,,,158.67,151,167,,,97,,,,,DST
111,MIN D/ST,DST,DST6,DST6,,DST-T1,MIN,6,,,,,,2,74,,,,110,64.8,105.5,152.6,,,184.83,183,188,,,62,,,,,DST
112,PIT D/ST,DST,DST7,DST7,,DST-T1,PIT,9,,,,,,2,76,,,,109.8,65.3,104,162.7,,,188,183,194,,,72,,,,,DST
113,BAL D/ST,DST,DST8,DST9,,DST-T1,BAL,13,,,,,,2,76,,,,109,64.1,105.8,159.9,,,188.67,185,191,,,68,,,,,DST
114,JAC D/ST,DST,DST9,DST8,,DST-T1,JAC,7,,,,,,2,74,,,,109,63.9,106.4,161.6,,,188,185,191,,,70,,,,,DST
115,LAC D/ST,DST,DST10,DST10,,DST-T1,LAC,7,,,,,,2,74,,,,109,62.6,103.3,161.1,,,189,171,206,,,46,,,,,DST
116,NE D/ST,DST,DST11,DST11,,DST-T1,NE,11,,,,,,2,76,,,,109,62.9,105.6,159.7,,,191.5,183,220,,,78,,,,,DST
117,GB D/ST,DST,DST12,DST15,,DST-T1,GB,11,,,,,,2,93,,,,108.4,62.8,105.2,151.4,,,210.17,194,235,,,31,,,,,DST
118,KC D/ST,DST,DST13,DST14,,DST-T1,KC,5,,,,,,2,90,,,,104.7,61.7,102,146.5,,,208,190,220,,,30,,,,,DST
119,Kyler Murray,QB,QB17,QB21,QB16,QB-T7,MIN,6,29.1,8,5'10",207,,1,8,129.1,10,18,232.2,60.2,247.1,359.7,77.8,5,126.83,114,139,162,146.9,60,DROP,,,,QB
120,Malik Willis,QB,QB18,QB18,QB21,QB-T7,MIA,6,27.3,5,6'1",225,,1,-8,161.4,41,-31,229.4,55.1,247.5,353.5,51.2,4,112,105,125,192,168.9,31,,,Dolphins news: De’Von Achane injury  Chiefs game reactions  Malik Willis needing to step up (rss:yahoo),https://sports.yahoo.com/articles/dolphins-news-von-achane-injury-110038600.html,QB
121,Baker Mayfield,QB,QB19,QB19,QB20,QB-T7,TB,10,31.4,9,6'1",215,4.84,1,2,134.5,14,128,228.4,31,244.4,366.8,271.9,17,122.5,114,134,189,160.6,60,,,Bucs say QB Mayfield out at least three weeks with dislocated thumb (rss:espn),https://www.espn.com/nfl/story/_/id/50052996/buccaneers-mayfield-thumb-least-three-weeks-bowles-says,QB
122,Jordan Love,QB,QB20,QB16,QB22,QB-T7,GB,11,27.8,7,6'4",219,4.74,1,-12,142.5,21,0,217.3,28.8,229.4,377.8,235.1,15,110,101,119,273,157.8,59,,,,,QB
123,Matthew Stafford,QB,QB21,QB17,QB12,QB-T7,LAR,11,38.6,18,6'3",214,4.81,1,-12,72.7,-50,-471,205.9,12.6,223,393.1,350.4,17,111,101,119,102,106.9,89,,,Taylor Swift tried to tell us Matthew Stafford would be in 'Patient Zero' video (rss:espn),https://www.espn.com/nfl/story/_/id/50052555/matthew-stafford-taylor-swift-rams-aries-patient-zero-music-video-cameo,QB
124,Bryce Young,QB,QB22,QB22,QB25,QB-T7,CAR,5,25.1,4,5'10",204,,1,12,,,-146,201.7,12.5,212.6,403.7,218,16,135.67,125,153,313,138.4,27,,,,,QB
125,C.J. Stroud,QB,QB23,QB23,QB23,QB-T7,HOU,8,24.9,4,6'3",218,,1,17,161,36,-112,200,13,169.7,412.4,208.5,14,141.5,129,153,276,164.8,32,,,,,QB
126,Daniel Jones,QB,QB24,QB24,QB19,QB-T7,IND,13,29.3,8,6'5",230,4.81,1,18,160.3,34,-83,196.1,7.9,179.6,396.4,226.4,13,144.33,139,147,170,166.3,27,,,,,QB
127,Sam Darnold,QB,QB25,QB25,QB24,QB-T7,SEA,11,29.2,9,6'3",225,4.85,1,47,152.7,26,60,196,26.2,184.6,389,235.4,17,173.67,139,285,280,159.6,33,ADD,,,,QB
128,Jacoby Brissett,QB,QB26,QB30,QB27,QB-T7,ARI,14,33.7,11,6'4",235,4.94,1,104,172.1,44,-35,190.5,26.7,172.3,372.3,227.4,14,231.8,179,255,317,169.8,10,,,,,QB
129,Cam Ward,QB,QB27,QB26,QB26,QB-T7,TEN,9,24.3,2,6'2",219,,1,52,,,-88,178.8,25,143.6,366.5,186.7,17,180.67,159,214,315,169.1,12,,,Robert Saleh: Cam Ward made a bad decision  but he isn't reckless (rss:pft),https://www.nbcsports.com/nfl/profootballtalk/rumor-mill/news/robert-saleh-cam-ward-made-a-bad-decision-but-he-isnt-reckless,QB
130,Aaron Rodgers,QB,QB28,QB28,QB30,QB-T7,PIT,9,42.7,22,6'2",223,4.71,1,84,,,29,177.3,25.9,144.3,365.3,226.6,16,213.83,179,255,384,169.2,11,,,Hall of Fame QB fires back at Aaron Rodgers' critics (rss:yardbarker),https://www.yardbarker.com/nfl/articles/hall_of_fame_qb_fires_back_at_aaron_rodgers_critics/s1_13132_44362180,QB
131,Geno Smith,QB,QB29,QB27,QB28,QB-T7,NYJ,13,35.9,14,6'3",221,4.58,1,50,,,-36,171.2,16.8,137.4,391.1,173.9,15,181.4,139,242,378,169.2,6,,,,,QB
132,Fernando Mendoza,QB,QB30,QB29,QB29,QB-T7,LV,13,22.9,R,6'5",225,,1,91,,,-42,168.8,5.6,132,387.2,,,222.5,179,255,382,168.7,17,,,Raiders' surprising 3-0 start: Will Las Vegas see Fernando Mendoza at all this season? (rss:cbs),https://www.cbssports.com/nfl/news/raiders-3-0-start-fernando-mendoza-likelihood-to-play-in-2026/,QB
133,Tua Tagovailoa,QB,QB31,QB33,QB32,QB-T7,ATL,11,28.5,7,6'1",225,,1,165,,,-8,167.9,4.2,125.1,405.8,160.7,14,298.2,285,321,421,169.8,6,,,,,QB
134,Brian Thomas Jr.,WR,WR34,WR42,WR37,WR-T9,JAC,7,23.9,3,6'2",209,4.33,1,-53,68.8,-65,-719,122.3,42.1,118.3,201.4,114.8,14,80.67,67,112,89,136.6,86,,,,,WR
135,Quentin Johnston,WR,WR35,WR36,WR43,WR-T9,LAC,7,25,4,6'2",208,,1,-59,84.8,-50,334,121.4,40.5,120.3,204.1,145.7,13,75.83,67,82,108,152.1,77,DROP,,,,WR
136,Courtland Sutton,WR,WR36,WR37,WR28,WR-T9,DEN,10,30.9,9,6'4",216,4.54,1,-59,61,-75,-184,119.2,38.8,115,201.8,182.7,17,77.17,68,91,55,117.8,87,,,,,WR
137,KC Concepcion,WR,WR37,WR44,WR48,WR-T9,CLE,11,21.9,R,6'0",190,,1,-55,113.5,-23,313,118.9,39.4,117.8,198.6,,,82.17,66,102,139,160.7,69,DROP,,,,WR
138,Parker Washington,WR,WR38,WR23,WR34,WR-T9,JAC,7,24.4,4,5'10",204,,1,-93,62.9,-75,603,118.7,35.4,116.9,204.5,143.7,16,44.67,29,58,77,82.7,93,,,,,WR
139,Mike Evans,WR,WR39,WR26,WR35,WR-T9,SF,8,33,13,6'5",231,4.53,1,-88,55.5,-83,-683,116.9,32.7,107.2,206,69.8,8,51,45,64,87,101.6,94,,,,,WR
140,Rico Dowdle,RB,RB32,RB29,RB25,RB-T8,PIT,9,28.2,7,6'0",215,4.54,1,-40,79,-61,9,115.9,20.5,100.5,232.8,196.8,17,100.17,89,136,68,134.8,89,,,,,RB
141,Michael Wilson,WR,WR40,WR48,WR41,WR-T9,ARI,14,26.5,4,6'2",213,4.58,1,-50,73.3,-68,-162,115.9,35.2,111,204.5,181.6,17,90.5,75,117,106,125.2,86,,,,,WR
142,Deshaun Watson,QB,QB32,QB36,QB31,QB-T7,CLE,11,31,10,6'3",223,4.66,1,163,,,,115.3,0.8,72.3,304.4,,,304.8,276,335,386,169,5,ADD,,,,QB
143,Aaron Jones Sr.,RB,RB33,RB41,RB40,RB-T8,MIN,6,31.7,10,5'9",208,4.56,1,12,101.5,-41,-135,115.1,15,90.7,257.4,104.7,12,155.33,136,165,149,126.5,78,,,,,RB
144,Andy Borregales,K,K11,K16,K25,K-T2,NE,11,23.7,2,5'11",202,,1,111,,,,114.8,42.5,122.1,158,0,17,255.17,239,297,494,170.1,10,,,,,K
145,Jakobi Meyers,WR,WR41,WR49,WR42,WR-T9,JAC,7,29.8,8,6'2",200,4.63,1,-54,93.5,-51,-153,114.6,31.6,114,198.6,138.3,16,91.33,84,103,107,136.4,68,ADD,,,,WR
146,Chase McLaughlin,K,K12,K9,K14,K-T2,TB,10,30.4,8,6'0",190,,1,69,150.1,4,,113.4,38.4,120.7,162.4,0,17,214.5,211,217,338,162,15,,,,,K
147,Chris Boswell,K,K13,K13,K13,K-T2,PIT,9,35.5,12,6'2",185,4.93,1,99,,,,112.1,44.6,118.9,153.9,0,17,246,240,250,337,165.7,38,,,,,K
148,Harrison Butker,K,K14,K14,K7,K-T2,KC,5,31.1,10,6'4",205,,1,103,149.5,2,,112.1,39.8,118.4,159,0,17,250.83,217,282,249,134.3,49,,,,,K
149,Harrison Mevis,K,K15,K12,K4,K-T2,LAR,11,24.4,2,6'0",245,,1,70,141.1,-8,,112.1,51.9,118.2,156.9,0,9,218.5,207,250,243,139.2,77,,,,,K
150,Wil Lutz,K,K16,K18,K21,K-T2,DEN,10,32.2,11,5'11",184,,1,125,172.6,23,,112.1,52.1,117.1,157.3,0,17,274.6,251,305,489,169.4,10,,,,,K
151,Will Reichard,K,K17,K17,K12,K-T2,MIN,6,25.6,3,6'1",190,,1,109,148.9,-2,,112.1,50.5,119.3,155.9,0,17,259.5,215,302,259,164.2,47,,,,,K
152,David Montgomery,RB,RB34,RB20,RB23,RB-T8,HOU,8,29.2,8,5'11",230,4.63,1,-98,55.5,-96,63,112.1,13.4,93,257,154.9,17,54.33,52,57,65,83.2,97,,,,,RB
153,Daniel Carlson,K,K18,,K20,K-T2,,,31.6,9,6'5",222,,1,,,,,111.8,39.1,121.6,157.4,0,17,,,,488,169.5,,,,,,K
154,Nick Folk,K,K19,,K16,K-T2,,,41.8,19,6'1",225,4.95,1,,,,,111.7,47.2,120.1,154.4,0,16,,,,363,169,,,,,,K
155,Chris Godwin Jr.,WR,WR42,WR32,WR52,WR-T9,TB,10,30.5,10,6'1",209,4.42,1,-92,78.4,-77,182,111.2,28.9,110.4,192.6,66.5,9,63.33,50,77,155,142.4,83,,,,,WR
156,Spencer Shrader,K,K20,,K18,K-T2,,,27.3,3,6'2",201,,1,,,,,110.3,43.9,119.1,153.6,0,5,,,,410,168,,,,,,K
157,Jordan Mason,RB,RB35,RB33,RB38,RB-T8,MIN,6,27.3,5,5'11",230,,1,-24,112.7,-44,367,110.3,16.6,92.1,236.7,121.9,16,133.17,106,156,142,163.1,76,,,,,RB
158,Trey Smack,K,K21,K19,K17,K-T2,GB,11,23.1,R,6'1",188,,1,144,168,10,,109.1,22.3,124.7,158.1,,,302,271,333,409,166.8,15,,,,,K
159,Josh Downs,WR,WR43,WR43,WR50,WR-T9,IND,13,25.1,4,5'9",171,4.48,1,-78,97.9,-61,-187,109,31.7,102.2,189.9,109.4,16,81,75,87,153,136.1,76,,,,,WR
160,Stefon Diggs,WR,WR44,WR34,WR49,WR-T9,WAS,7,32.8,12,6'0",191,4.46,1,-89,100.9,-59,-119,108.8,31.7,106.1,198.1,167.8,17,70.83,67,81,152,109.3,86,,,,,WR
161,Blake Corum,RB,RB36,RB30,RB39,RB-T8,LAR,11,25.8,3,5'8",202,4.53,1,-55,115.3,-46,36,108,15.9,88.6,233.6,118.2,17,105.5,95,115,148,142.4,82,,,,,RB
162,Blake Grupe,K,K22,,K29,K-T2,,,27.8,4,5'7",156,,1,,,,,107.8,22.1,118.5,155,0,16,,,,503,169.9,,,,,,K
163,Charlie Smyth,K,K23,,,K-T2,,,25.2,2,6'4",210,,1,,,,,107.8,21.8,113.3,155.7,0,6,,,,,,,,,,,K
164,Ryan Fitzgerald,K,K24,,K26,K-T2,,,26.1,2,5'11",193,,1,,,,,107.8,35.4,114.7,153.3,0,17,,,,497,169.2,,,,,,K
165,Tyler Bass,K,K25,K15,K22,K-T2,BUF,7,29.5,7,5'10",183,,1,88,,,,107.8,31.7,115.8,156.2,,,253,217,293,490,167.4,10,,,,,K
166,Ben Sauls,K,K26,,,K-T2,,,25.1,R,5'10",185,,1,,,,,107.4,50.7,114.2,152.2,0,3,,,,,,,,,,,K
167,Brandon McManus,K,K27,,K32,K-T2,,,35.1,12,6'3",201,,1,,,,,107.4,39.8,114.2,150.9,0,14,,,,1769,169.9,,,,,,K
168,Zane Gonzalez,K,K28,,K31,K-T2,,,31.3,8,6'0",200,,1,,,,,107.4,38.3,115.9,152,0,9,,,,1745,169.9,,,,,,K
169,De'Zhaun Stribling,WR,WR45,WR57,WR40,WR-T9,SF,8,23.7,R,6'2",207,,1,-51,124.6,-44,234,106.8,31.6,97.1,190.9,,,118.17,84,196,92,157.5,54,,,,,WR
170,Joey Slye,K,K29,,K27,K-T2,,,30.4,8,5'11",228,,1,,,,,106.1,36.2,115.3,154.8,0,16,,,,499,169.8,,,,,,K
171,Chuba Hubbard,RB,RB37,RB37,RB37,RB-T8,CAR,5,27.2,6,6'1",210,4.48,1,-32,86.3,-85,-453,104.5,11.3,80.3,223.7,110.4,15,139.17,130,150,131,97.6,91,,,,,RB
172,Jordan Addison,WR,WR46,WR51,WR39,WR-T9,MIN,6,24.6,4,5'11",179,4.49,1,-78,88.9,-83,137,104.3,30.8,94,186,114.1,14,93.67,82,110,91,139.3,79,ADD,,,,WR
173,RJ Harvey,RB,RB38,RB34,RB44,RB-T8,DEN,10,25.6,2,5'8",205,4.4,1,-39,103.9,-69,193,103.9,14.7,93.3,215.1,183.1,17,133.83,106,170,173,145.6,81,,,,,RB
174,Tyjae Spears,RB,RB39,RB43,RB46,RB-T8,TEN,9,25.2,4,5'11",200,,1,3,144.6,-29,71,103.7,15.7,87.5,224.6,89.2,13,176.67,173,181,177,161,44,,,,,RB
175,DET D/ST,DST,DST14,DST17,,DST-T2,DET,6,,,,,,1,49,,,,103.6,62.5,100.8,146.6,,,224,186,249,,,51,,,,,DST
176,Michael Pittman Jr.,WR,WR47,WR39,WR36,WR-T9,PIT,9,28.9,7,6'4",223,4.52,1,-97,81.1,-95,-173,102.8,30.5,91.9,186.7,162.4,17,79.33,68,99,88,117.2,83,,,,,WR
177,Josh Jacobs,RB,RB40,RB42,RB32,RB-T8,GB,11,28.6,8,5'10",223,,1,-13,84.8,-92,-2907,102,16.4,85.5,227.1,219.1,15,164.33,144,201,120,122.2,89,,,,,RB
178,Travis Kelce,TE,TE16,TE13,TE11,TE-T8,KC,5,36.9,14,6'5",250,4.63,1,-59,129.6,-48,-283,101.8,34.2,99.1,176.9,155.2,17,118.83,111,124,125,77.5,93,,,,,TE
179,Terrance Ferguson,TE,TE17,TE22,TE17,TE-T8,LAR,11,23.5,2,6'5",252,4.63,1,-29,173,-6,38,101.7,33.3,97.7,192,46.6,11,150.17,143,154,145,165.7,17,DROP,,Sean McVay updates injuries to TEs Colby Parkinson  Terrance Ferguson (rss:pft),https://www.nbcsports.com/nfl/profootballtalk/rumor-mill/news/sean-mcvay-updates-injuries-to-tes-colby-parkinson-terrance-ferguson,TE
180,Adonai Mitchell,WR,WR48,WR59,WR61,WR-T9,NYJ,13,23.9,3,6'2",205,4.34,1,-50,159.8,-20,-3,101.5,30.4,95.7,175.1,71.4,16,130.33,122,142,186,167,15,DROP,,,,WR
181,CLE D/ST,DST,DST15,DST18,,DST-T2,CLE,11,,,,,,1,53,,,,101.3,62.5,100.3,136.8,,,234.4,206,249,,,19,,,,,DST
182,Rashid Shaheed,WR,WR49,WR58,WR56,WR-T9,SEA,11,28,5,6'0",180,,1,-55,117.7,-64,32,100.4,32.6,93.1,166.2,115.1,18,127.33,116,140,160,163.2,43,,,,,WR
183,Romeo Doubs,WR,WR50,WR52,WR54,WR-T9,NE,11,26.4,5,6'2",210,,1,-83,96.4,-87,101,100.1,29,92.8,165.7,137.9,16,100.33,87,116,157,155.4,62,DROP,,,,WR
184,BUF D/ST,DST,DST16,DST16,,DST-T2,BUF,7,,,,,,1,36,,,,99.6,57.7,97.4,141.5,,,219.83,206,249,,,29,,,,,DST
185,DAL D/ST,DST,DST17,DST24,,DST-T2,DAL,14,,,,,,1,125,,,,99.6,57.7,97.7,144.3,,,309.67,279,356,,,23,,,,,DST
186,NO D/ST,DST,DST18,DST19,,DST-T2,NO,8,,,,,,1,83,,,,99.6,53.1,97.5,145.7,,,268.8,249,280,,,17,,,,,DST
187,SF D/ST,DST,DST19,DST13,,DST-T2,SF,8,,,,,,1,20,,,,99.6,52.1,98.2,148.1,,,207.4,190,247,,,51,,,,,DST
188,TEN D/ST,DST,DST20,DST12,,DST-T2,TEN,9,,,,,,1,18,,,,99.6,51.9,99.8,149.6,,,206,206,206,,,8,,,,,DST
189,Wan'Dale Robinson,WR,WR51,WR41,WR47,WR-T9,TEN,9,25.7,5,5'8",185,4.44,1,-109,92.9,-96,-94,99.3,24.4,90,167.4,171.9,16,80.17,66,91,138,129.2,71,,,,,WR
190,Brenton Strange,TE,TE18,TE17,TE20,TE-T8,JAC,7,25.7,4,6'4",253,4.7,1,-54,160.6,-29,-103,98.7,29.1,95.6,182.1,95,12,135.83,128,143,210,168.8,36,,,,,TE
191,Chad Ryland,K,K30,,K28,K-T2,,,26.9,4,6'0",195,,1,,,,,98.4,29.4,108.3,148.2,0,17,,,,501,169.8,,,,,,K
192,T.J. Hockenson,TE,TE19,TE20,TE19,TE-T8,MIN,6,29.2,8,6'5",248,4.7,1,-43,139.2,-53,-34,98.3,30.4,96.5,172.9,87.3,15,149,145,157,207,162.5,46,,,,,TE
193,Jake Elliott,K,K31,K20,K19,K-T2,PHI,10,31.6,10,5'9",167,4.79,1,140,,,,98.2,25.5,109.6,157.2,0,17,333,333,333,487,167.3,8,,,,,K
194,Michael Mayer,TE,TE20,TE34,TE35,TE-T8,LV,13,25.2,4,6'4",256,4.7,1,18,,,,97.7,28,92.8,173,56.3,13,211.5,154,233,440,169.6,16,,,,,TE
195,Tre Tucker,WR,WR52,WR63,WR65,WR-T9,LV,13,25.5,4,5'8",182,4.4,1,-58,131,-64,80,96.8,24.7,88.9,166.7,133.2,17,136.67,117,155,196,163.2,29,,,,,WR
196,CIN D/ST,DST,DST21,,,DST-T2,,,,,,,,1,,,,,96.7,51.1,94,146.5,,,,,,,,,,,,,DST
197,Drew Stevens,K,K32,,K24,K-T2,,,22.7,R,6'1",213,,1,,,,,96.5,21.2,109.5,162,,,,,,493,169.8,,,,,,K
198,Juwan Johnson,TE,TE21,TE14,TE21,TE-T8,NO,8,30,7,6'4",245,4.58,1,-75,149,-49,212,95.7,24.1,91.1,167.3,141.4,17,122.83,121,124,262,150.7,57,,,,,TE
199,Matthew Golden,WR,WR53,WR46,WR38,WR-T9,GB,11,23.1,2,5'11",191,4.29,1,-113,96,-103,53,95.4,18.9,87.8,181.1,55.5,14,85.83,72,91,90,121.6,81,,,,,WR
200,Mike Gesicki,TE,TE22,TE33,TE33,TE-T8,CIN,6,30.9,9,6'6",245,4.54,1,9,,,,95.2,19.5,88.9,174.2,56.7,12,208.5,177,232,416,169.7,16,,,,,TE
201,Deebo Samuel Sr.,WR,WR54,WR47,WR53,WR-T9,SF,8,30.6,8,6'0",215,4.48,1,-112,111.2,-90,207,94.8,22.4,91.6,178.2,152.2,16,89.33,77,110,156,134.2,75,,,,,WR
202,AJ Barner,TE,TE23,TE25,TE26,TE-T8,SEA,11,24.3,3,6'6",251,,1,-43,,,-6,94.6,16.8,88.7,175.6,121.3,17,159.17,152,180,312,167.9,15,,,,,TE
203,Jacory Croskey-Merritt,RB,RB41,RB39,RB36,RB-T8,WAS,7,25.4,2,5'11",208,,1,-57,103.3,-100,61,93.4,15,75.3,202.8,135.8,17,146.17,115,156,130,148.8,81,,,,,RB
204,ATL D/ST,DST,DST22,DST25,,DST-T2,ATL,11,,,,,,1,152,,,,92.7,50.1,91.1,143.8,,,356,356,356,,,9,,,,,DST
205,CHI D/ST,DST,DST23,DST21,,DST-T2,CHI,10,,,,,,1,75,,,,92.7,53,90.1,133.6,,,280,280,280,,,12,,,,,DST
206,Shedeur Sanders,QB,QB33,QB34,QB33,QB-T7,CLE,11,24.6,2,6'2",212,,1,96,,,,92.7,0.7,52.9,266.4,84.9,8,301.8,285,324,428,169.6,3,,,,,QB
207,Pat Freiermuth,TE,TE24,TE26,TE22,TE-T8,PIT,9,27.9,6,6'5",258,,1,-47,,,,92.7,15.9,79.9,180.4,93.1,15,159.67,128,177,296,168.4,16,,,,,TE
208,IND D/ST,DST,DST24,DST23,,DST-T2,IND,13,,,,,,1,86,,,,92.4,50.2,90.8,141.8,,,294.2,272,311,,,14,,,,,DST
209,LV D/ST,DST,DST25,DST22,,DST-T2,LV,13,,,,,,1,71,,,,92.4,48.3,88.7,143.7,,,280,280,280,,,10,,,,,DST
210,NYG D/ST,DST,DST26,,,DST-T2,,,,,,,,1,,,,,92.4,48,90.7,143.8,,,,,,,,,,,,,DST
211,WAS D/ST,DST,DST27,,,DST-T2,,,,,,,,1,,,,,92.4,48.5,86.6,141.8,,,,,,,,,,,,,DST
212,Cole Kmet,TE,TE25,TE45,TE43,TE-T8,CHI,10,27.5,7,6'6",257,4.7,1,76,,,,91.1,13.2,78.9,189,63.7,16,288,268,319,465,169.6,2,,,,,TE
213,Chris Rodriguez Jr.,RB,RB42,RB49,RB45,RB-T8,JAC,7,25.9,,5'11",224,,1,-12,157.4,-56,188,91,15.1,69.4,210.7,90.5,12,200.83,164,236,174,168.7,45,,,,,RB
214,Dominic Zvada,K,K33,,K23,K-T2,,,22.9,R,6'3",187,,1,,,,,90.6,19.5,110.3,156.8,,,,,,491,169.3,,,,,,K
215,Michael Penix Jr.,QB,QB34,QB31,QB35,QB-T7,ATL,11,26.3,3,6'3",220,,1,41,,,3,89,0,55.4,215.9,120.3,9,256.2,159,292,439,169.1,3,,,It’s all up to Michael Penix Jr. now (rss:yahoo),https://sports.yahoo.com/articles/michael-penix-jr-now-120000264.html,QB
216,ARI D/ST,DST,DST28,,,DST-T2,,,,,,,,1,,,,,87.8,44.6,82.8,138.6,,,,,,,,,,,,,DST
217,CAR D/ST,DST,DST29,,,DST-T2,,,,,,,,1,,,,,87.8,44.8,85.4,131.8,,,,,,,,,,,,,DST
218,MIA D/ST,DST,DST30,,,DST-T2,,,,,,,,1,,,,,87.8,47.2,86.6,123.9,,,,,,,,,,,,,DST
219,NYJ D/ST,DST,DST31,,,DST-T2,,,,,,,,1,,,,,87.8,47.7,86,119.1,,,,,,,,,,,,,DST
220,TB D/ST,DST,DST32,DST20,,DST-T2,TB,10,,,,,,1,54,,,,87.8,47.8,90,119.5,,,273.67,269,279,,,54,,,,,DST
221,Dalton Schultz,TE,TE26,TE18,TE23,TE-T8,HOU,8,30.1,9,6'5",242,4.75,1,-84,,,-11,87.5,9.5,71.8,199.4,136.7,17,136.83,123,145,297,155.2,34,,,,,TE
222,Greg Dulcich,TE,TE27,TE21,TE28,TE-T8,MIA,6,26.4,5,6'4",245,4.69,1,-72,,,7,87.1,10.2,71.8,182.6,49.8,9,149.83,135,168,365,170.2,8,,,,,TE
223,Makai Lemon,WR,WR55,WR40,WR51,WR-T9,PHI,10,22.2,R,5'11",192,,1,-143,122.7,-100,-325,86.3,15.4,81,165.2,,,79.5,68,99,154,150.6,72,,,,,WR
224,Cade Otton,TE,TE28,TE28,TE29,TE-T8,TB,10,27.4,5,6'5",247,,1,-57,,,-13,85.6,10.7,71.8,177.5,92.7,15,167.33,158,189,367,170.2,7,,,,,TE
225,Jordyn Tyson,WR,WR56,WR56,WR64,WR-T9,NO,8,22.1,R,6'2",200,,1,-107,,,-998,84.9,14.9,78.3,173.1,,,118,110,132,195,169.1,57,,,,,WR
226,Jason Sanders,K,K34,,K30,K-T2,,,30.8,9,5'11",195,,1,,,,,84.7,19.9,97.5,151.7,,,,,,1743,169.5,,,,,,K
227,Jayden Reed,WR,WR57,WR50,WR46,WR-T9,GB,11,26.3,4,5'11",187,4.45,1,-135,85.3,-142,64,82,13.5,76.4,161.3,39,5,91.83,76,102,137,155.1,76,DROP,,,,WR
228,Gunnar Helm,TE,TE29,TE27,TE25,TE-T8,TEN,9,24,2,6'5",241,4.84,1,-62,,,,81.5,12.2,67.7,171.9,69.7,16,166.33,163,168,311,169.7,5,,,,,TE
229,Kyle Monangai,RB,RB43,RB40,RB33,RB-T8,CHI,10,24.2,2,5'8",207,4.6,1,-80,103.5,-125,-308,79.2,14,72.5,165.8,137.7,17,149.33,144,156,121,136.4,82,,,,,RB
230,Kenyon Sadiq,TE,TE30,TE24,TE18,TE-T8,NYJ,13,21.5,R,6'3",241,4.39,1,-75,,,-162,78.8,17.1,69.2,162.1,,,155.33,137,163,146,163.1,35,ADD,,,,TE
231,Xavier Worthy,WR,WR58,WR55,WR44,WR-T9,KC,5,23.3,3,5'11",165,4.21,1,-119,95.1,-136,-66,75.3,13.2,70.8,137.3,88.9,14,111.5,93,133,109,139.3,65,DROP,,,,WR
232,Dylan Sampson,RB,RB44,RB55,RB55,RB-T8,CLE,11,22,2,5'8",201,,1,-6,175.6,-56,11,73.9,7,66.3,153.2,71.1,15,225.83,175,306,221,170.3,15,,,,,RB
233,Jerry Jeudy,WR,WR59,WR67,WR59,WR-T9,CLE,11,27.4,7,6'1",195,4.45,1,-60,127.8,-105,-33,73.7,13,67,143.1,95.7,17,172.83,132,225,181,168.8,20,,,,,WR
234,Zachariah Branch,WR,WR60,WR89,WR78,WR-T9,ATL,11,22.4,R,5'10",180,4.35,1,8,,,-5,72.8,17,63.3,148.5,,,242.17,225,265,300,169.8,9,,,,,WR
235,Chig Okonkwo,TE,TE31,TE23,TE24,TE-T8,WAS,7,27,5,6'3",238,,1,-83,,,-174,72.7,16.2,63.8,141.4,96,17,152,145,160,310,169.7,24,,,,,TE
236,Evan Engram,TE,TE32,TE30,TE31,TE-T8,DEN,10,32,10,6'3",240,4.42,1,-55,,,,72.3,14.7,60,141.5,77.8,16,180.5,168,205,413,169.9,5,,,,,TE
237,Braelon Allen,RB,RB45,RB56,RB52,RB-T8,NYJ,13,22.6,3,6'1",235,,1,-9,155.2,-82,14,72.2,4.2,64.9,139.7,14.3,4,227.83,201,236,205,168.8,16,ADD,,,,RB
238,Zach Charbonnet,RB,RB46,RB54,RB43,RB-T8,SEA,11,25.6,4,6'1",220,4.53,1,-17,141.7,-96,-193,71.3,3.7,63.8,140.6,171.4,16,221.17,203,228,172,162.5,55,,,,,RB
239,Travis Hunter,WR,WR61,WR84,WR62,WR-T9,JAC,7,23.3,2,6'1",185,,1,-16,,,,70.8,12.4,64.1,134.1,49.8,7,223.33,195,246,187,157.7,57,,,,,WR
240,Kenny Gainwell,RB,RB47,RB36,RB35,RB-T8,TB,10,27.5,6,5'9",200,,1,-102,108,-132,186,69.6,2.6,66.7,143.9,184.8,17,137.83,115,165,129,125.8,78,,,,,RB
241,Keaton Mitchell,RB,RB48,RB46,RB50,RB-T8,LAC,7,24.6,4,5'8",191,4.37,1,-57,148.3,-93,-43,68.8,2.6,61.7,149.7,50.9,13,184,174,222,202,169.5,32,ADD,,,,RB
242,Isiah Pacheco,RB,RB49,RB76,RB70,RB-T8,DET,6,27.5,5,5'10",210,4.37,1,51,,,-83,68.6,3.3,56.9,150.3,77.8,13,293,270,315,340,166.6,27,,,,,RB
243,Dawson Knox,TE,TE33,TE51,TE37,TE-T8,BUF,7,29.8,8,6'4",254,,1,60,,,,68,13.6,52.5,144.3,85.7,16,302.67,286,325,442,169.2,2,,,,,TE
244,Jalen Coker,WR,WR62,WR45,WR55,WR-T9,CAR,5,24.8,3,6'3",213,4.57,1,-161,114.4,-130,38,67.2,17,58,140.8,73.9,11,82.67,66,103,159,121.7,83,,,,,WR
245,Mason Taylor,TE,TE34,TE37,TE41,TE-T8,NYJ,13,22.3,2,6'5",251,,1,-2,,,,67.1,14.6,51.5,147.1,66.9,13,242.67,232,264,463,170,3,,,,,TE
246,Denzel Boston,WR,WR63,WR54,WR58,WR-T9,CLE,11,22.7,R,6'4",215,,1,-135,137.1,-109,-42,66.4,7.4,58.3,143.5,,,110.67,102,131,180,149.5,35,,,,,WR
247,Oronde Gadsden II,TE,TE35,TE29,TE32,TE-T8,LAC,7,23.2,2,6'5",236,,1,-68,,,-237,65.8,13.7,51.9,142.6,106.9,15,178.83,158,233,415,170,15,DROP,,,,TE
248,Brian Robinson Jr.,RB,RB50,RB57,RB48,RB-T8,ATL,11,27.4,3,6'1",225,4.53,1,-17,165.9,-82,-8,64.6,3.1,46.6,148.6,58.5,17,230.5,223,238,179,165.4,33,,,,,RB
249,Tyrone Tracy Jr.,RB,RB51,RB61,RB75,RB-T8,NYG,8,26.8,3,5'11",210,4.48,1,2,,,-169,63.4,3,47.6,157.9,142.8,15,251.33,237,278,348,169.8,13,,,,,RB
250,Tank Bigsby,RB,RB52,RB51,RB53,RB-T8,PHI,10,25,,5'11",215,4.56,1,-44,167.6,-82,76,62.4,3.9,48.5,140,52.3,15,206.17,174,230,206,168.4,27,DROP,,,,RB
251,Jaylin Noel,WR,WR64,WR70,WR71,WR-T9,HOU,8,24,2,5'11",200,4.39,1,-64,,,,62.2,4.6,55.1,126.6,55.4,17,186.83,141,219,219,169.9,5,,,,,WR
252,Ray Davis,RB,RB53,RB58,RB54,RB-T8,BUF,7,26.8,,5'8",211,,1,-18,,,,61.7,4.4,46.2,131.7,53.1,17,234,223,243,220,169.1,11,,,,,RB
253,Kayshon Boutte,WR,WR65,WR61,WR80,WR-T9,HOU,8,24.3,4,5'11",203,4.5,1,-119,150.1,-103,88,61.7,2.9,52.6,125.8,107.6,14,133.5,122,138,304,170.1,19,,,,,WR
254,Charlie Kolar,TE,TE36,TE32,TE59,TE-T8,LAC,7,27.6,5,6'6",250,,1,-52,,,,61.4,12.8,44.9,136.1,31.2,13,202,180,244,1031,170,1,,,,,TE
255,Mike Washington Jr.,RB,RB54,RB45,RB47,RB-T8,LV,13,23.2,,6'2",197,4.33,1,-76,161.7,-93,597,60.4,4.4,49.3,132.5,,,178.5,170,199,178,169,47,,,,,RB
256,Woody Marks,RB,RB55,RB47,RB42,RB-T8,HOU,8,25.7,2,5'10",208,4.54,1,-72,134.8,-121,84,59.2,3,50,128.9,133.1,16,184.17,173,199,151,160.2,53,,,,,RB
257,Noah Fant,TE,TE37,TE49,TE56,TE-T8,NO,8,28.8,8,6'4",249,4.5,1,44,,,,58.8,12.8,47.2,126.5,57.8,13,301.33,281,327,1021,169.9,1,,,,,TE
258,Alvin Kamara,RB,RB56,RB53,RB57,RB-T8,NO,8,31.1,10,5'10",215,4.56,1,-41,151.9,-106,-114,57.2,3,45.3,123.5,84.2,11,217,203,228,260,160.1,35,ADD,,,,RB
259,Theo Johnson,TE,TE38,TE40,TE42,TE-T8,NYG,8,25.5,3,6'6",264,,1,8,,,,55.4,12.6,44.2,118.3,105.3,15,267.33,267,268,464,170,2,,,,,TE
260,Isaiah Bond,WR,WR66,WR125,WR118,WR-T9,CLE,11,22.5,2,5'11",180,4.39,1,66,,,,54.9,3.3,46.1,114.3,45.7,15,326,326,326,1038,169.9,1,,,,,WR
261,Colby Parkinson,TE,TE39,TE36,TE34,TE-T8,LAR,11,27.6,,6'7",265,4.77,1,-35,,,,54.1,10.3,40.2,124.7,108.3,14,226.33,180,264,417,169.8,4,,,Sean McVay updates injuries to TEs Colby Parkinson  Terrance Ferguson (rss:pft),https://www.nbcsports.com/nfl/profootballtalk/rumor-mill/news/sean-mcvay-updates-injuries-to-tes-colby-parkinson-terrance-ferguson,TE
262,Kirk Cousins,QB,QB35,QB32,QB34,QB-T7,LV,13,38,15,6'3",209,4.84,1,26,,,50,53.6,0,34.6,139,103.5,10,287.8,269,324,429,167.7,6,ADD,,Raiders' surprising 3-0 start: Will Las Vegas see Fernando Mendoza at all this season? (rss:cbs),https://www.cbssports.com/nfl/news/raiders-3-0-start-fernando-mendoza-likelihood-to-play-in-2026/,QB
263,Tommy Tremble,TE,TE40,TE56,TE51,TE-T8,CAR,5,26.2,6,6'4",250,4.6,1,61,,,,53,4.1,40,123.1,50.4,15,323.5,305,342,1004,169.8,1,,,,,TE
264,Demond Claiborne,RB,RB57,RB73,RB86,RB-T8,MIN,6,22.9,R,5'10",188,4.37,1,16,,,,52.4,2.9,40.3,116.1,,,279.83,258,303,397,170,4,,,,,RB
265,David Njoku,TE,TE41,TE31,TE30,TE-T8,LAC,7,30.1,12,6'4",246,4.64,1,-81,,,,51.8,4,40.9,116.8,69.8,11,183.83,176,205,411,170,9,,,,,TE
266,Jake Browning,QB,QB36,,,QB-T7,,,30.4,3,6'2",210,4.74,1,,,,,50.7,0.4,30.1,135.1,48.7,5,,,,,,,,,,,QB
267,Kyle Williams,WR,WR67,WR96,WR105,WR-T9,NE,11,23.8,2,5'11",190,4.4,1,-11,,,,48.5,4.1,42.4,94.6,44.2,14,255.5,245,275,979,169.9,2,,,,,WR
268,Tank Dell,WR,WR68,WR109,WR97,WR-T9,HOU,8,26.8,4,5'10",165,,1,15,,,-26,48.5,5.9,44.2,94.4,,,283,257,309,391,166.1,28,,,,,WR
269,Barion Brown,WR,WR69,WR110,WR134,WR-T9,NO,8,22.7,R,5'11",177,4.4,1,14,,,,48.4,6.1,43.8,99.9,,,283,283,283,1120,169.9,1,,,,,WR
270,Darren Waller,TE,TE42,TE35,TE27,TE-T8,CAR,5,34,9,6'6",245,4.46,1,-51,,,,47.3,2.8,33,107.7,76.7,9,219.17,177,268,364,168.5,5,ADD,,,,TE
271,Tyler Allgeier,RB,RB58,RB44,RB49,RB-T8,ARI,14,26.4,5,5'10",225,4.6,1,-94,155.9,-115,343,47.2,2.5,40.8,100.1,116,17,177.17,165,201,200,168.6,51,DROP,,,,RB
272,Omar Cooper Jr.,WR,WR70,WR72,WR79,WR-T9,NYJ,13,22.7,R,6'0",199,4.42,1,-83,,,-56,47,6.4,42.4,90.2,,,188.83,162,219,302,169.9,14,,,,,WR
273,Jameis Winston,QB,QB37,QB41,QB42,QB-T7,NYG,8,32.7,12,6'4",231,4.97,1,76,,,,47,0.9,28.1,122.7,42.8,3,349,308,370,476,169.4,1,,,Giants make shocking decision on Vikings' J.J. McCarthy after struggles of Jameis Winston (rss:yardbarker),https://www.yardbarker.com/nfl/articles/giants_make_shocking_decision_on_vikings_jj_mccarthy_after_struggles_of_jameis_winston/s1_13132_44359804,QB
274,Keon Coleman,WR,WR71,WR106,WR90,WR-T9,BUF,7,23.3,3,6'3",213,4.61,1,-2,,,,46.9,6.6,43.2,94.9,83.4,12,272.4,247,288,357,169.2,2,DROP,,,,WR
275,Kimani Vidal,RB,RB59,RB59,RB60,RB-T8,LAC,7,25,3,5'8",215,4.46,1,-31,,,,46.6,2.7,40,100.3,109.9,13,243.67,236,258,306,170.1,3,,,,,RB
276,Darnell Washington,TE,TE43,TE38,TE39,TE-T8,PIT,9,25,4,6'7",265,4.64,1,-19,,,,46.5,4.1,32.3,101.6,57.9,13,257.33,227,281,458,168.8,3,,,,,TE
277,Malik Washington,WR,WR72,WR81,WR81,WR-T9,MIA,6,25.7,,5'8",195,4.47,1,-65,148.4,-129,32,46.2,6.9,41.9,92.5,87.7,17,212.17,178,262,305,168.7,17,ADD,,,,WR
278,Eli Raridon,TE,TE44,TE39,TE50,TE-T8,NE,11,22.6,R,6'6",245,,1,-14,,,,44.5,4.9,30.4,99.6,,,264.25,244,295,472,170,1,,,,,TE
279,Tyson Bagent,QB,QB38,,QB45,QB-T7,,,26.2,4,6'3",213,4.79,1,,,,,44.4,0.4,25.7,128,2.6,2,,,,483,169.9,,,,Ben Johnson praises Case Keenum  doesn't say who Bears' starting QB will be next week (rss:yahoo),https://sports.yahoo.com/articles/ben-johnson-praises-case-keenum-091138926.html,QB
280,Ollie Gordon II,RB,RB60,RB88,RB62,RB-T8,MIA,6,22.6,2,6'2",225,4.61,1,35,,,,42.5,3.3,36.8,94.1,50.6,17,314.5,290,355,308,167.2,1,ADD,,,,RB
281,Troy Franklin,WR,WR73,WR95,WR106,WR-T9,DEN,10,23.6,3,6'3",180,4.41,1,-27,,,,42.1,6.7,36.3,83.5,144.6,17,253.67,241,291,980,169.9,2,,,,,WR
282,Jake Tonges,TE,TE45,TE44,TE36,TE-T8,SF,8,27.2,4,6'4",240,,1,4,,,,41.5,6.8,30.1,89.2,76.3,10,286,286,286,441,170,2,,,,,TE
283,Dontayvion Wicks,WR,WR74,WR62,WR69,WR-T9,PHI,10,25.2,4,6'1",206,4.62,1,-149,165.2,-118,41,41.5,6.3,38.2,81.5,60.8,13,133.67,112,162,214,161.3,20,,,,,WR
284,Pat Bryant,WR,WR75,WR65,WR92,WR-T9,DEN,10,23.7,2,6'2",204,4.61,1,-139,,,,41.2,5.9,36.2,84.2,59.3,13,144.83,97,169,369,170.4,11,,,,,WR
285,Elijah Arroyo,TE,TE46,TE41,TE40,TE-T8,SEA,11,23.4,2,6'5",254,,1,-16,,,,41,6.7,29.7,78,29.4,13,269.33,244,297,459,169.8,1,,,,,TE
286,Rashod Bateman,WR,WR76,WR75,WR68,WR-T9,BAL,13,26.8,6,6'1",193,4.39,1,-90,142.3,-144,,41,6.3,38.3,80.3,45.9,13,196.17,166,219,213,167,10,,,,,WR
287,Tyler Higbee,TE,TE47,TE50,TE47,TE-T8,LAR,11,33.7,11,6'6",253,4.77,1,15,,,,40.5,5.6,29.4,87.1,58.6,10,302.33,277,334,469,169.8,2,ADD,,,,TE
288,Jack Bech,WR,WR77,WR101,WR98,WR-T9,LV,13,23.7,2,6'1",214,,1,-25,,,,40.2,5.2,38,77.2,32.4,14,262.83,247,314,392,170,2,,,,,WR
289,Jalen McMillan,WR,WR78,WR69,WR57,WR-T9,TB,10,24.7,3,6'1",192,4.47,1,-110,132.2,-157,,40,4.3,37,78.2,23.9,4,179,126,231,161,166.1,18,,,Buccaneers WR Jalen McMillan is expected to miss 6-8 weeks with knee injury (rss:pft),https://www.nbcsports.com/nfl/profootballtalk/rumor-mill/news/buccaneers-wr-jalen-mcmillan-is-expected-to-miss-6-8-weeks-with-knee-injury,WR
290,Calvin Ridley,WR,WR79,WR79,WR60,WR-T9,TEN,9,31.7,8,6'1",190,4.43,1,-83,134.6,-155,,38.6,4,34.2,78.5,38.8,7,207.33,162,251,184,170.3,9,,,,,WR
291,Chimere Dike,WR,WR80,WR99,WR116,WR-T9,TEN,9,24.7,2,6'1",196,4.34,1,-31,,,,38.5,5.2,30.3,85.4,92.1,17,260,252,272,1022,169.9,2,,,,,WR
292,Caleb Douglas,WR,WR81,WR66,WR63,WR-T9,MIA,6,23,R,6'4",205,4.39,1,-127,175.2,-117,44,37.9,3.3,30.6,88,,,164.67,133,210,188,169.7,29,DROP,,,,WR
293,Ryan Flournoy,WR,WR82,WR73,WR77,WR-T9,DAL,14,26.8,3,6'1",205,4.44,1,-102,166.7,-126,,37.6,3.4,27.1,90.6,94,15,190.83,141,219,293,170,6,,,,,WR
294,Tre' Harris,WR,WR83,WR64,WR76,WR-T9,LAC,7,24.5,2,6'3",210,,1,-153,,,,37.6,3.5,26.9,92.5,54.4,16,140.5,122,155,290,170.4,6,,,,,WR
295,J.J. McCarthy,QB,QB39,QB42,QB36,QB-T7,MIN,6,23.6,3,6'3",219,,1,59,,,,37,0.4,17.1,113.9,125.4,10,353.5,339,368,446,169.3,2,ADD,,J.J. McCarthy isn't the answer for the Giants ... right? Barnwell on the trade's potential impact (rss:espn),https://www.espn.com/nfl/story/_/id/50053035/jj-mccarthy-trade-giants-vikings-quarterback-deadline-barnwell,QB
296,Marvin Mims Jr.,WR,WR84,WR103,WR93,WR-T9,DEN,10,24.5,4,5'11",182,4.38,1,-30,,,,36.8,3.3,27.1,88.1,70.5,15,265.83,256,275,370,170,3,,,,,WR
297,Tory Horton,WR,WR85,WR92,WR99,WR-T9,SEA,11,23.8,2,6'2",196,4.41,1,-46,,,,36.7,3.3,26.5,80.4,52.6,8,251,251,251,394,170,2,,,,,WR
298,Elijah Sarratt,WR,WR86,WR97,WR129,WR-T9,BAL,13,23.3,R,6'2",215,,1,-41,,,,36.6,3.8,27.7,82.4,,,257,243,267,1094,169.9,4,,,,,WR
299,Kaelon Black,RB,RB61,RB50,RB59,RB-T8,SF,8,24.9,R,5'9",208,,1,-95,160,-139,241,36.4,2.4,28.9,84.8,,,204.17,164,269,269,168.4,40,DROP,,,,RB
300,Isaac TeSlaa,WR,WR87,WR86,WR91,WR-T9,DET,6,24.5,2,6'4",214,4.43,1,-69,182.4,-118,,36.4,3.7,31.1,77.4,67.9,14,230.83,210,256,368,169.5,5,,,,,WR
301,Elic Ayomanor,WR,WR88,WR102,WR130,WR-T9,TEN,9,23.2,2,6'2",206,4.44,1,-37,,,,36,4.1,32.6,78.9,96,16,264.33,221,312,1101,169.9,1,,,,,WR
302,Emmett Johnson,RB,RB62,RB52,RB69,RB-T8,KC,5,22.9,R,5'10",202,4.45,1,-87,165.4,-137,95,35.5,1.7,23.4,84.9,,,215,199,224,339,168.1,22,DROP,,,,RB
303,Devaughn Vele,WR,WR89,WR76,WR70,WR-T9,NO,8,28.7,3,6'5",210,4.47,1,-106,,,47,35.4,3.5,33.1,78.8,53.8,9,197.33,131,251,215,162.5,34,,,,,WR
304,Samaje Perine,RB,RB63,RB64,RB63,RB-T8,CIN,6,31,10,5'10",240,4.65,1,-38,,,,35.1,1.5,22.2,87.5,69.4,15,265.67,258,278,319,169.5,7,,,,,RB
305,Cyrus Allen,WR,WR90,WR85,WR107,WR-T9,KC,5,23.6,R,5'11",180,,1,-78,,,115,34.1,,,,,,226.5,202,243,980,169.9,12,,,,,WR
306,Jaylen Wright,RB,RB64,RB68,RB61,RB-T8,MIA,6,23.4,3,5'10",208,4.38,1,-36,,,,33.6,1.4,22.3,91.8,45.7,9,270.17,255,300,307,169.8,3,ADD,,,,RB
307,Jacob Saylors,RB,RB65,RB91,RB72,RB-T8,DET,6,25.5,,5'11",195,,1,9,,,,33.5,1.6,23.5,94.5,1.1,11,315.67,310,320,343,170,2,,,,,RB
308,Jaydon Blue,RB,RB66,RB103,,RB-T8,PHI,10,22.6,2,5'9",198,4.38,1,30,,,,33.5,1.6,20.2,93.5,19.9,5,338,319,357,,,2,,,,,RB
309,Noah Gray,TE,TE48,TE55,TE45,TE-T8,KC,5,27.3,6,6'3",240,4.55,1,11,,,,33.5,5.5,22.4,72,28.3,14,319.5,299,340,467,169.7,1,,,,,TE
310,Drew Allar,QB,QB40,,QB46,QB-T7,,,22.5,R,6'5",228,,1,,,,,33,,,,,,,,,1221,169.9,,,,,,QB
311,Nicholas Singleton,RB,RB67,RB66,RB83,RB-T8,TEN,9,22.7,R,6'0",219,,1,-41,,,,32.1,2.1,21.9,83.3,,,269.83,256,287,377,170.1,8,,,,,RB
312,Kyle Juszczyk,RB,RB68,RB104,RB101,RB-T8,SF,8,35.4,14,6'2",235,,1,49,,,,31.5,2.3,22.2,72.6,45,16,361,361,361,1001,169.6,1,,,,,RB
313,Riley Leonard,QB,QB41,,QB50,QB-T7,,,24,2,6'4",213,,1,,,,,30.3,,,,31,5,,,,1226,170,,,,,,QB
314,Mitchell Evans,TE,TE49,TE47,TE74,TE-T8,CAR,5,23.5,,6'5",258,4.74,1,-18,,,,30.3,4.9,22,57.7,38.7,14,296,296,296,1407,169.9,1,,,,,TE
315,Davis Mills,QB,QB42,,QB51,QB-T7,,,27.9,6,6'4",225,4.82,1,,,,,29.7,,,,68.6,6,,,,1253,170,,,,,,QB
316,Ja'Kobi Lane,WR,WR91,WR78,WR72,WR-T9,BAL,13,22.1,R,6'4",205,4.47,1,-112,157,-159,245,29.6,,,,,,203.67,166,226,270,169.4,24,,,,,WR
317,Will Kacmarek,TE,TE50,,TE55,TE-T8,,,23.6,R,6'6",258,4.74,1,,,,,29.5,4.8,21.4,56.1,,,,,,1020,170,,,,,,TE
318,Jalen Nailor,WR,WR92,WR71,WR66,WR-T9,LV,13,27.5,5,6'0",190,4.5,1,-130,150.3,-168,-143,29.2,,,,86.2,17,188.17,140,246,199,169.8,22,,,,,WR
319,John Bates,TE,TE51,TE66,TE61,TE-T8,WAS,7,28.8,6,6'6",256,4.84,1,25,,,,28.4,4.6,20.6,54.1,21.8,10,344,344,344,1045,170,1,,,,,TE
320,Malachi Fields,WR,WR93,WR68,WR74,WR-T9,NYG,8,23,R,6'4",222,4.61,1,-143,,,23,28,,,,,,176.5,142,209,286,169.7,13,,,,,WR
321,Jalen Milroe,QB,QB43,,QB54,QB-T7,,,23.7,2,6'2",216,,1,,,,,27.1,,,,-1.6,3,,,,1404,169.9,,,,,,QB
322,Cooper Kupp,WR,WR94,WR82,WR82,WR-T9,SEA,11,33.2,10,6'2",205,4.62,1,-104,155.5,-166,0,26.8,,,,92.8,16,217.5,197,229,322,166.9,13,,,,,WR
323,Zavion Thomas,WR,WR95,WR118,WR117,WR-T9,CHI,10,22.5,R,5'10",190,4.28,1,-21,,,,26.4,,,,,,302,302,302,1029,169.9,2,,,,,WR
324,Carson Beck,QB,QB44,QB38,QB37,QB-T7,ARI,14,24.8,R,6'4",233,,1,0,,,,26.3,,,,,,324,303,348,450,169.9,3,,,,,QB
325,Mac Jones,QB,QB45,QB40,QB40,QB-T7,SF,8,28,6,6'3",220,4.72,1,15,,,,26.1,,,,130,11,340.33,305,368,454,169.8,1,,,,,QB
326,Kaden Wetjen,WR,WR96,,WR146,WR-T9,,,24.5,R,5'9",193,4.47,1,,,,,25.8,,,,,,,,,1297,169.9,,,,,,WR
327,Germie Bernard,WR,WR97,WR87,WR75,WR-T9,PIT,9,22.7,R,6'1",206,4.48,1,-93,,,,25.4,,,,,,234.17,229,241,287,169.8,6,,,,,WR
328,Chris Bell,WR,WR98,WR74,WR87,WR-T9,MIA,6,22.2,R,6'2",220,4.5,1,-132,160.2,-168,28,25.1,,,,,,195.83,169,241,330,170,8,,,,,WR
329,Kendre Miller,RB,RB69,RB70,RB84,RB-T8,NO,8,24.2,4,6'0",220,,1,-55,,,,24.4,,,,30.8,7,274,230,301,395,170,3,,,,,RB
330,Dohnte Meyers,WR,WR99,,WR141,WR-T9,,,26.2,1,5'11",186,,1,,,,,24.1,1.7,20,59.4,,,,,,1206,169.9,,,,,,WR
331,Antonio Williams,RB,RB70,WR80,RB68,RB-T8,WAS,7,28.9,,5'11",195,4.41,1,-120,,,,23.9,,,,,,211,169,246,332,170,11,,,,,RB
332,Ted Hurst III,WR,WR100,WR83,WR100,WR-T9,TB,10,22.2,R,6'3",195,4.42,1,-110,,,,23.7,1.6,19,57.1,,,222.17,210,239,405,170.1,4,,,,,WR
333,Chris Brooks,RB,RB71,RB69,RB65,RB-T8,GB,11,26.6,4,6'1",219,,1,-60,,,,23.6,,,,26.2,17,272.5,260,279,321,169.9,11,,,,,RB
334,Jauan Jennings,WR,WR101,WR77,WR73,WR-T9,MIN,6,29.1,6,6'3",212,4.72,1,-136,151.4,-183,-43,22.9,,,,145.8,15,197.83,169,241,283,169.9,14,,,,,WR
335,Tyreek Hill,WR,WR102,WR135,WR163,WR-T9,FA,,32.5,10,5'10",191,,1,16,,,,22.8,,,,43,4,351,351,351,1728,169.3,8,ADD,,,,WR
336,Joe Milton III,QB,QB46,,,QB-T7,,,26.5,3,6'5",236,,1,,,,,22.7,,,,10.3,4,,,,,,,,,,,QB
337,Matt Hibner,TE,TE52,TE53,,TE-T8,BAL,13,,,,,,1,-31,,,,22.4,3.1,16.2,42.6,,,305.5,286,325,,,1,,,,,TE
338,Anthony Richardson Sr.,QB,QB47,QB45,QB43,QB-T7,IND,13,24.3,4,6'4",244,4.43,1,33,,,,21.4,,,,1.7,2,370.5,370,371,477,170,2,,,,,QB
339,Ja'Tavion Sanders,TE,TE53,TE60,TE44,TE-T8,CAR,5,23.4,3,6'4",252,4.69,1,-7,,,,21.4,3.5,15.5,46,39.5,12,331.5,327,336,466,170,1,,,,,TE
340,Josh Oliver,TE,TE54,,TE57,TE-T8,,,29.4,8,6'5",264,4.63,1,,,,,21.2,3.5,15.4,45.6,47.5,12,,,,1024,169.9,,,,,,TE
341,Emari Demercado,RB,RB72,RB80,RB81,RB-T8,DAL,14,27.6,4,5'9",215,,1,-40,,,,21,,,,51.8,12,301,269,362,355,169.7,3,,,,,RB
342,Gardner Minshew II,QB,QB48,,QB53,QB-T7,,,30.3,8,6'1",225,4.97,1,,,,,20.8,,,,-0.3,4,,,,1275,170,,,,,,QB
343,Sean Tucker,RB,RB73,RB71,RB76,RB-T8,TB,10,24.9,4,5'10",205,,1,-66,,,,20.6,,,,87.4,17,277.17,256,297,349,170,3,,,,,RB
344,KaVontae Turpin,WR,WR103,WR114,WR96,WR-T9,DAL,14,30.1,5,5'7",158,,1,-52,,,,20.5,,,,71.5,15,292,292,292,390,169.6,2,,,,,WR
345,Brenen Thompson,WR,WR104,WR123,WR128,WR-T9,LAC,7,23.1,R,5'9",170,4.26,1,-23,,,,20.3,,,,,,321.5,312,331,1079,170,1,,,,,WR
346,Tommy Myers,TE,TE55,,,TE-T8,,,,,,,,1,,,,,20.2,2.8,14.6,38.4,,,,,,,,,,,,,TE
347,Nate Boerkircher,TE,TE56,TE59,TE66,TE-T8,JAC,7,25,R,6'5",250,,1,-17,,,,19.9,3.2,14.4,42.8,,,330,330,330,1139,169.9,1,,,,,TE
348,DeMario Douglas,WR,WR105,WR90,WR88,WR-T9,NE,11,25.7,4,5'8",185,4.44,1,-100,,,,19.7,,,,80.3,16,247.83,195,290,331,169.9,3,,,,,WR
349,Jalen Royals,WR,WR106,WR138,WR138,WR-T9,KC,5,23.5,2,6'0",195,4.42,1,4,,,,19.7,,,,1.4,2,353,353,353,1141,169.8,1,,,,,WR
350,Kaleb Johnson,RB,RB74,RB62,RB82,RB-T8,GB,11,23,2,6'0",225,4.57,1,-87,,,127,19.5,,,,8.3,10,262.83,248,272,375,169.9,6,,,,,RB
351,Ben Sinnott,TE,TE57,TE58,TE65,TE-T8,WAS,7,24.2,3,6'4",245,4.68,1,-22,,,,19.4,,,,22.9,9,329,328,330,1088,170,1,,,,,TE
352,Darius Slayton,WR,WR107,WR127,WR160,WR-T9,FA,,29.6,7,6'1",198,4.39,1,-21,,,,18.7,,,,80.3,14,331,331,331,1676,170,1,,,,,WR
353,Malik Davis,RB,RB75,,RB67,RB-T8,,,27.8,3,5'11",205,,1,,,,48,17.9,,,,39.6,10,,,,325,169.8,,,,,,RB
354,Hollywood Brown,WR,WR108,WR124,WR119,WR-T9,PHI,10,,,,,,1,-30,,,,17.9,,,,,,324,295,353,1046,169.8,1,,,,,WR
355,Justice Hill,RB,RB76,RB65,RB58,RB-T8,BAL,13,28.8,8,5'10",195,4.4,1,-86,,,,17.8,,,,54.7,10,269,245,293,265,169.2,9,,,,,RB
356,James Conner,RB,RB77,RB79,RB97,RB-T8,ARI,14,31.3,10,6'1",233,4.65,1,-59,,,,17.2,,,,29.3,3,296.5,286,310,436,170,9,,,,,RB
357,Tyquan Thornton,WR,WR109,WR100,WR89,WR-T9,KC,5,26.1,5,6'2",185,4.28,1,-95,,,,17.1,,,,71.3,12,262.4,254,274,356,169.4,2,,,,,WR
358,Darnell Mooney,WR,WR110,WR88,WR101,WR-T9,NYG,8,28.8,7,5'11",177,4.38,1,-121,,,,16.8,,,,66.3,15,237,219,247,418,170,3,,,,,WR
359,Jimmy Horn Jr.,WR,WR111,,WR133,WR-T9,,,24,2,5'8",174,4.46,1,,,,,16.8,,,,23.2,10,,,,1119,169.9,,,,,,WR
360,Justin Fields,QB,QB49,QB39,QB38,QB-T7,KC,5,27.5,6,6'3",227,4.45,1,-27,,,,16.1,,,,142.7,9,333,307,359,452,169.6,1,,,,,QB
361,Kaytron Allen,RB,RB78,RB67,RB88,RB-T8,WAS,7,23.6,R,5'11",217,,1,-91,,,,16,,,,,,270,237,318,401,170,5,,,,,RB
362,Jordan James,RB,RB79,RB74,RB78,RB-T8,SF,8,22.4,2,5'9",208,4.55,1,-74,,,,15.9,,,,,,287.6,276,294,351,169.9,2,,,,,RB
363,Xavier Smith,WR,WR112,,WR139,WR-T9,,,28.9,3,5'9",180,,1,,,,,15.8,,,,39.3,16,,,,1192,169.9,,,,,,WR
364,Taylen Green,QB,QB50,,QB55,QB-T7,,,23.9,R,6'6",230,4.36,1,,,,,15.1,,,,,,,,,1436,170,,,,,,QB
365,Jonah Coleman,RB,RB80,RB48,RB51,RB-T8,DEN,10,23,R,5'8",220,,1,-177,157.1,-208,79,15.1,,,,,,187.67,164,222,204,166.1,32,,,,,RB
366,Keenan Allen,WR,WR113,WR60,WR67,WR-T9,IND,13,34.3,14,6'2",211,4.58,1,-236,145.3,-221,135,15.1,,,,142.2,17,130.33,126,142,212,167,25,ADD,,,,WR
367,Kevin Coleman Jr.,WR,WR114,WR105,WR95,WR-T9,MIA,6,23,R,5'10",180,4.49,1,-98,,,,15,,,,,,268.8,263,283,389,170.1,1,,,,,WR
368,Trey Benson,RB,RB81,RB95,RB100,RB-T8,ARI,14,24.1,3,6'0",225,4.39,1,-40,,,,14.7,,,,28.9,4,327.5,317,338,456,170,1,,,,,RB
369,Brandin Cooks,WR,WR115,,WR167,WR-T9,,,32.9,12,5'10",190,4.33,1,,,,,14.6,,,,39.9,13,,,,1766,169.9,,,,,,WR
370,Jaylin Lane,WR,WR116,,WR127,WR-T9,,,24.3,2,5'10",196,,1,,,,,14.5,,,,31.2,15,,,,1076,169.9,,,,,,WR
371,Drew Sample,TE,TE58,,TE49,TE-T8,,,30.4,8,6'5",260,4.71,1,,,,,14.4,,,,24.4,12,,,,471,169.9,,,,,,TE
372,Tez Johnson,WR,WR117,WR131,WR132,WR-T9,TB,10,24.3,2,5'10",165,4.51,1,-25,,,,14.1,,,,78.4,15,347,347,347,1118,169.9,1,,,,,WR
373,Daniel Bellinger,TE,TE59,TE57,TE64,TE-T8,TEN,9,25.9,5,6'6",255,4.63,1,-45,,,,13.9,,,,50.1,13,328,328,328,1086,170,3,,,,,TE
374,Elijah Higgins,TE,TE60,,TE53,TE-T8,,,25.8,4,6'3",245,4.54,1,,,,,13.9,,,,43.1,17,,,,1010,169.9,,,,,,TE
375,Xavier Legette,WR,WR118,WR104,WR83,WR-T9,CAR,5,25.6,3,6'3",227,4.39,1,-106,,,,13.8,,,,71.8,15,268.67,234,302,326,169.8,1,,,,,WR
376,LeQuint Allen Jr.,RB,RB82,RB83,RB73,RB-T8,JAC,7,22.1,2,6'0",201,,1,-72,,,,13.6,,,,19.8,16,304.25,292,313,344,170,1,,,,,RB
377,Adam Trautman,TE,TE61,,TE58,TE-T8,,,29.6,7,6'5",253,4.8,1,,,,,13.1,,,,35.5,13,,,,1025,169.9,,,,,,TE
378,Dont'e Thornton Jr.,WR,WR119,,WR154,WR-T9,,,23.8,2,6'5",205,4.3,1,,,,,13,,,,18.5,11,,,,1405,169.9,,,,,,WR
379,Isaiah Williams,WR,WR120,WR136,WR123,WR-T9,NYJ,13,25.6,3,5'10",185,4.63,1,-28,,,,13,,,,35.7,15,351,351,351,1056,169.9,1,,,,,WR
380,George Holani,RB,RB83,RB63,RB74,RB-T8,SEA,11,26.7,3,5'10",210,4.52,1,-116,,,,12.9,,,,13.8,10,263.5,248,289,345,169.9,5,,,,,RB
381,Mack Hollins,WR,WR121,WR94,WR102,WR-T9,NE,11,33,10,6'4",221,4.53,1,-127,,,,12.6,,,,90.4,14,253.67,155,291,420,169.9,3,,,,,WR
382,Oscar Delp,TE,TE62,TE48,TE67,TE-T8,NO,8,23.1,R,6'5",245,,1,-83,,,,12.2,,,,,,298.5,298,299,1146,169.9,1,,,,,TE
383,Malik Benson,WR,WR122,WR120,WR104,WR-T9,LV,13,23.9,R,6'1",195,4.37,1,-72,,,,12.1,,,,,,311,290,332,978,169.9,1,,,,,WR
384,Max Klare,TE,TE63,TE54,TE48,TE-T8,LAR,11,23.2,R,6'4",246,,1,-65,,,,12,,,,,,319,319,319,470,170,2,,,,,TE
385,Jordan Watkins,WR,WR123,,WR155,WR-T9,,,24.5,2,5'11",196,4.37,1,,,,,12,,,,3.6,2,,,,1408,169.9,,,,,,WR
386,Devin Neal,RB,RB84,RB100,,RB-T8,FA,,23.1,R,5'11",213,4.58,1,-55,,,,11.6,,,,51.5,9,331,309,366,,,3,,,,,RB
387,DJ Giddens,RB,RB85,RB93,RB89,RB-T8,IND,13,23,2,6'1",212,4.43,1,-66,,,,11.4,,,,9.6,5,320.75,291,345,402,170.1,1,,,,,RB
388,Ty Johnson,RB,RB86,RB90,RB64,RB-T8,BUF,7,29,8,5'10",210,,1,-73,,,,11.1,,,,88.3,17,315,294,363,320,169.6,1,,,,,RB
389,Jalen Tolbert,WR,WR124,WR133,WR86,WR-T9,MIA,6,27.5,5,6'1",195,4.49,1,-40,,,,11.1,,,,37.3,12,348.5,347,350,329,170,1,,,,,WR
390,Andrei Iosivas,WR,WR125,WR108,WR94,WR-T9,CIN,6,26.9,4,6'3",210,4.43,1,-109,,,,10.9,,,,73.4,15,280.67,261,311,371,169.9,1,,,,,WR
391,Xavier Hutchinson,WR,WR126,WR126,WR85,WR-T9,HOU,8,26.3,4,6'3",210,4.53,1,-60,,,,10.6,,,,80.5,16,330.5,307,354,328,170,2,,,,,WR
392,Will Shipley,RB,RB87,RB87,RB79,RB-T8,PHI,10,24,3,5'11",210,,1,-78,,,,10.5,,,,15,14,314.33,298,338,352,169.8,1,,,,,RB
393,Brandon Aiyuk,WR,WR127,WR134,WR150,WR-T9,SF,8,28.5,6,6'0",200,4.5,1,-44,,,,9.6,,,,,,349,349,349,1341,169.9,3,,,,,WR
394,Adam Randall,RB,RB88,RB94,RB96,RB-T8,BAL,13,22.1,R,6'3",232,4.5,1,-72,,,,9.5,,,,,,321.5,296,358,435,170.1,2,,,,,RB
395,Isaiah Davis,RB,RB89,RB81,RB71,RB-T8,NYJ,13,24.5,3,6'1",220,4.57,1,-92,,,,9.1,,,,60.7,16,302.5,284,361,342,170,1,ADD,,,,RB
396,Taysom Hill,TE,TE64,,TE76,TE-T8,,,36,9,6'2",221,,1,,,,,9.1,,,,36.3,13,,,,1675,169.9,,,,,,TE
397,Zach Ertz,TE,TE65,TE63,TE77,TE-T8,FA,,35.8,13,6'5",250,4.76,1,-56,,,,9.1,,,,101.4,13,341,341,341,1764,169.5,1,,,,,TE
398,Rasheen Ali,RB,RB90,RB107,RB87,RB-T8,BAL,13,25.5,3,5'11",210,,1,-33,,,,9,,,,19.7,15,365,365,365,398,170,1,,,,,RB
399,Jordan Whittington,WR,WR128,,WR131,WR-T9,,,25.9,3,6'1",202,,1,,,,,8.9,,,,27.3,15,,,,1114,169.8,,,,,,WR
400,Christian Kirk,WR,WR129,WR117,WR147,WR-T9,SF,8,29.8,9,5'11",200,4.47,1,-100,,,,8.2,,,,43.9,11,299.5,257,354,1334,169.8,2,,,,,WR
401,Cade Klubnik,QB,QB51,QB43,QB52,QB-T7,NYJ,13,22.9,R,6'2",207,,1,-42,,,,7.3,,,,,,359,359,359,1259,170,1,,,,,QB
402,Jelani Woods,TE,TE66,,TE72,TE-T8,,,27.9,5,6'7",253,4.61,1,,,,,7.1,,,,0.9,2,,,,1357,169.9,,,,,,TE
403,Kalif Raymond,WR,WR130,WR91,WR110,WR-T9,CHI,10,32.1,10,5'9",160,,1,-154,,,,7,,,,48.8,15,249.33,142,316,983,169.7,9,ADD,,Kalif Raymond shines on Monday night to continue hot start (rss:yahoo),https://sports.yahoo.com/articles/kalif-raymond-shines-monday-night-063316918.html,WR
404,Skyler Bell,WR,WR131,WR112,WR120,WR-T9,BUF,7,24.2,R,5'11",192,4.4,1,-114,,,,6.8,,,,,,289.6,265,326,1047,169.8,2,,,,,WR
405,Tai Felton,WR,WR132,,WR142,WR-T9,,,23.5,2,6'1",186,4.37,1,,,,,6.5,,,,4,12,,,,1233,169.9,,,,,,WR
406,Brashard Smith,RB,RB91,RB89,RB66,RB-T8,KC,5,23.4,2,5'10",196,4.39,1,-91,,,,6.3,,,,50.8,17,314.5,299,337,324,169.7,2,,,,,RB
407,Jackson Hawes,TE,TE67,,TE63,TE-T8,,,25.7,2,6'4",253,4.82,1,,,,,6.1,,,,44.7,13,,,,1083,169.9,,,,,,TE
408,Tyrod Taylor,QB,QB52,,QB48,QB-T7,,,37.1,16,6'1",217,4.47,1,,,,,5.4,,,,59.5,6,,,,1223,169.9,,,,,,QB
409,Audric Estime,RB,RB92,RB98,RB116,RB-T8,NO,8,23,,,,,1,-78,,,,5.4,,,,,,331,307,355,1389,170,1,,,,,RB
410,Cade Stover,TE,TE68,,TE60,TE-T8,,,26.2,3,6'4",251,4.65,1,,,,,5.2,,,,13.9,6,,,,1043,170,,,,,,TE
411,Chris Brazzell II,WR,WR133,,WR156,WR-T9,,,,,6'2",193,4.37,1,,,,,4.7,,,,,,,,,1430,169.9,,,,,,WR
412,Roman Wilson,WR,WR134,WR111,WR126,WR-T9,PIT,9,25.2,3,5'10",186,4.39,1,-127,,,,4.7,,,,32.6,9,284.83,254,320,1074,169.9,1,ADD,,,,WR
413,Josh Cameron,WR,WR135,,WR143,WR-T9,,,23.5,R,6'1",224,,1,,,,,4.3,,,,,,,,,1234,169.9,,,,,,WR
414,Austin Hooper,TE,TE69,TE62,TE52,TE-T8,ATL,11,31.8,11,6'4",254,4.72,1,-74,,,,4.1,,,,48.8,13,340,340,340,1006,169.9,1,,,,,TE
415,Luke Musgrave,TE,TE70,,TE73,TE-T8,,,26,4,6'6",253,4.61,1,,,,,4.1,,,,37.2,13,,,,1369,170,,,,,,TE
416,Tanner Hudson,TE,TE71,,TE78,TE-T8,,,31.8,7,6'5",241,,1,,,,,4.1,,,,38.3,10,,,,1793,170,,,,,,TE
417,Jacob Cowing,WR,WR136,,WR140,WR-T9,,,25.6,3,5'9",170,4.38,1,,,,,3.9,,,,,,,,,1204,169.9,,,,,,WR
418,Marcus Mariota,QB,QB53,,QB44,QB-T7,,,32.8,12,6'4",222,4.52,1,,,,,3.8,,,,125.5,10,,,,482,169.8,,,,Cover 32: Chargers 0-3 start inches toward full reset  plus game balls  biggest gaffes from Week 3 (rss:cbs),https://www.cbssports.com/nfl/news/nfl-cover-32-week-3-chargers-game-balls-biggest-gaffes/,QB
419,Erick All Jr.,TE,TE72,TE42,TE38,TE-T8,CIN,6,26,3,6'5",255,,1,-143,,,,3.6,,,,,,275.67,273,281,444,169.9,1,,,,,TE
420,Ty Simpson,QB,QB54,QB44,QB41,QB-T7,LAR,11,23.7,R,6'1",211,,1,-50,,,,3.1,,,,,,370,369,371,475,169.9,4,,,,,QB
421,Luke Schoonmaker,TE,TE73,TE67,TE62,TE-T8,DAL,14,27.9,4,6'5",250,4.63,1,-77,,,,2.7,,,,20.2,14,344,344,344,1077,169.8,1,,,,,TE
422,Quinn Ewers,QB,QB55,,QB49,QB-T7,,,23.3,,6'2",209,,1,,,,,2.5,,,,32.7,4,,,,1225,170,,,,,,QB
423,Sione Vaki,RB,RB93,RB85,RB90,RB-T8,DET,6,25.1,3,5'11",216,4.62,1,-110,,,,2.5,,,,0.4,8,313,266,360,403,169.9,1,,,,,RB
424,Eli Stowers,TE,TE74,TE43,TE46,TE-T8,PHI,10,23.4,R,6'4",239,4.51,1,-142,,,,2.3,,,,,,281.67,273,298,468,170,4,,,,,TE
425,Jack Strand,QB,QB56,,QB56,QB-T7,,,22.2,R,6'5",240,,1,,,,,2.2,,,,,,,,,1449,170,,,,,,QB
426,Isaac Guerendo,RB,RB94,,RB115,RB-T8,,,26.2,3,6'0",221,4.33,1,,,,,2.2,,,,0,7,,,,1388,170,,,,,,RB
427,Bryce Lance,WR,WR137,WR93,WR114,WR-T9,NO,8,24,R,6'3",204,4.34,1,-176,,,,2.2,,,,,,251.33,234,314,1011,169.9,1,,,,,WR
428,Cedric Tillman,WR,WR138,WR137,WR171,WR-T9,NO,8,26.4,4,6'3",215,4.54,1,-76,,,,2.2,,,,49.5,12,352,352,352,2130,170,1,,,,,WR
429,Luke McCaffrey,WR,WR139,,WR137,WR-T9,,,25.4,3,6'2",195,4.46,1,,,,,2.2,,,,45.8,9,,,,1140,169.9,,,,,,WR
430,Bam Knight,RB,RB95,RB92,RB92,RB-T8,ARI,14,25.4,4,5'11",209,,1,-113,,,,2.1,,,,81.9,12,316.75,300,358,430,170.1,1,,,,,RB
431,Emanuel Wilson,RB,RB96,RB75,RB80,RB-T8,SEA,11,27.3,4,5'10",226,,1,-141,,,,2.1,,,,87,17,290.4,283,304,354,169.6,1,DROP,,,,RB
432,Najee Harris,RB,RB97,RB60,RB56,RB-T8,NYG,8,28.5,6,6'1",232,,1,-185,,,26,2.1,,,,10.1,3,247.17,236,270,222,169.1,8,,,,,RB
433,Jahan Dotson,WR,WR140,WR107,WR84,WR-T9,ATL,11,26.4,5,5'11",184,4.43,1,-160,,,,2.1,,,,41.2,15,273.17,260,307,327,170,2,,,,,WR
434,Trey Lance,QB,QB57,,QB47,QB-T7,,,26.3,6,6'4",226,,1,,,,,2.1,,,,13.5,4,,,,1222,170,,,,,,QB
435,Seth McGowan,RB,RB98,RB72,RB77,RB-T8,IND,13,24.9,R,6'1",223,4.49,1,-157,,,,2,,,,,,278,237,303,350,169.9,2,,,,,RB
436,Joshua Palmer,WR,WR141,WR122,WR108,WR-T9,BUF,7,26.9,,,,,1,-116,,,,2,,,,,,320,311,329,981,169.6,1,,,,,WR
437,Kendrick Bourne,WR,WR142,WR98,WR109,WR-T9,ARI,14,31.1,10,6'1",203,4.68,1,-179,,,,2,,,,73.6,14,258.17,202,290,982,170,3,,,,,WR
438,Konata Mumpfield,WR,WR143,WR116,WR135,WR-T9,LAR,11,23.9,2,6'1",188,4.59,1,-143,,,,2,,,,20.2,10,295,295,295,1133,169.9,1,ADD,,,,WR
439,Devin Singletary,RB,RB99,RB78,RB109,RB-T8,NYG,8,29,8,5'7",203,4.66,1,-143,,,,1.9,,,,99.8,17,296.25,258,337,1333,169.9,13,DROP,,,,RB
440,Jerome Ford,RB,RB100,,RB127,RB-T8,,,27,4,5'10",210,4.46,1,,,,,1.9,,,,30.6,13,,,,2019,170,,,,,,RB
441,Khalil Herbert,RB,RB101,,RB125,RB-T8,,,28.4,5,5'9",212,4.46,1,,,,,1.9,,,,6.1,5,,,,1927,170,,,,,,RB
442,Marquez Valdes-Scantling,WR,WR144,,WR164,WR-T9,,,31.9,8,6'4",206,4.37,1,,,,,1.9,,,,25,9,,,,1752,170,,,,,,WR
443,Joe Flacco,QB,QB58,QB35,QB39,QB-T7,CIN,6,41.6,19,6'6",245,4.84,1,-139,,,,1.8,,,,146.7,13,304,304,304,453,169.8,1,,,,,QB
444,Roschon Johnson,RB,RB102,RB96,RB114,RB-T8,CHI,10,25.6,4,6'0",227,4.58,1,-115,,,,1.8,,,,1.7,6,328.5,311,346,1368,169.9,3,,,,,RB
445,Justin Joly,TE,TE75,TE61,TE75,TE-T8,MIA,6,22.1,R,6'3",263,,1,-109,,,,1.8,,,,,,336,336,336,1442,170,3,,,,,TE
446,Trevor Etienne,RB,RB103,RB101,RB117,RB-T8,CAR,5,22.1,2,5'9",204,4.42,1,-113,,,,1.7,,,,12.2,17,332.75,302,360,1402,169.9,1,,,,,RB
447,Chris Blair,WR,WR145,,WR153,WR-T9,,,28.9,2,6'2",215,,1,,,,,1.7,,,,0,1,,,,1383,170,,,,,,WR
448,Demarcus Robinson,WR,WR146,WR113,WR136,WR-T9,SF,8,31.9,11,6'1",203,4.59,1,-156,,,,1.7,,,,47.2,14,292,292,292,1136,169.9,2,,,,,WR
449,Elijah Moore,WR,WR147,,WR151,WR-T9,,,26.4,6,5'10",178,4.35,1,,,,,1.7,,,,24.1,9,,,,1345,169.9,,,,,,WR
450,Reggie Virgil,WR,WR148,,WR145,WR-T9,,,22.3,R,6'2",187,4.57,1,,,,,1.7,,,,,,,,,1261,170,,,,,,WR
451,Miles Sanders,RB,RB104,,RB119,RB-T8,,,29.3,7,5'11",211,4.49,1,,,,,1.6,,,,22.7,4,,,,1718,170,,,,,,RB
452,Ashton Dulin,WR,WR149,,WR122,WR-T9,,,29.3,8,6'2",215,4.43,1,,,,,1.6,,,,17.5,12,,,,1053,170,,,,,,WR
453,Colbie Young,WR,WR150,WR115,WR125,WR-T9,CIN,6,24.1,R,6'4",218,4.49,1,-161,,,,1.6,,,,,,292,292,292,1065,169.8,1,,,,,WR
454,Jalen Reagor,WR,WR151,,WR168,WR-T9,,,27.7,6,5'11",197,4.47,1,,,,,1.6,,,,,,,,,1810,170,,,,,,WR
455,Odell Beckham Jr.,WR,WR152,WR128,WR103,WR-T9,NYG,8,33.8,11,5'11",198,4.38,1,-120,,,,1.6,,,,,,334.5,320,349,977,168.7,4,,,,,WR
456,Olamide Zaccheaus,WR,WR153,WR129,WR121,WR-T9,ATL,11,29.1,8,5'8",194,,1,-116,,,,1.6,,,,65.3,14,339.5,329,350,1050,169.9,1,,,,,WR
457,Jaleel McLaughlin,RB,RB105,RB106,,RB-T8,CLE,11,26,4,5'9",183,,1,-92,,,,1.5,,,,29.4,8,365,365,365,,,1,,,,,RB
458,Josh Williams,RB,RB106,,,RB-T8,,,25.2,,5'8",210,4.9,1,,,,,1.5,,,,1.1,2,,,,,,,,,,,RB
459,Greg Dortch,WR,WR154,,WR162,WR-T9,,,28.3,6,5'7",180,,1,,,,,1.5,,,,60.6,12,,,,1703,170,,,,,,WR
460,Michael Woods II,WR,WR155,,WR170,WR-T9,,,26.5,,,,,1,,,,,1.5,,,,,,,,,2018,170,,,,,,WR
461,Theo Wease Jr.,WR,WR156,,,WR-T9,,,25.2,1,6'2",210,4.56,1,,,,,1.5,,,,22.9,3,,,,,,,,,,,WR
462,Treylon Burks,WR,WR157,WR132,WR112,WR-T9,WAS,7,26.4,5,6'2",225,4.55,1,-114,,,,1.5,,,,24,8,347.5,343,352,999,170,2,,,,,WR
463,Damien Martinez,RB,RB107,,,RB-T8,,,22.6,R,6'0",237,4.51,1,,,,,1.4,,,,,,,,,,,,,,,,RB
464,Jonnu Smith,TE,TE76,TE46,TE54,TE-T8,GB,11,31,10,6'3",248,4.62,1,-174,,,,1.4,,,,66.2,17,289.5,274,305,1016,169.9,1,,,,,TE
465,Devontez Walker,WR,WR158,,WR113,WR-T9,,,25.2,3,6'1",198,4.36,1,,,,,1.4,,,,34.6,8,,,,1002,169.8,,,,,,WR
466,Jahdae Walker,WR,WR159,,WR144,WR-T9,,,24.2,2,6'3",206,,1,,,,,1.4,,,,23.7,6,,,,1242,169.9,,,,,,WR
467,John Metchie III,WR,WR160,,WR152,WR-T9,,,26.1,4,5'11",187,,1,,,,,1.4,,,,55.4,13,,,,1356,169.9,,,,,,WR
468,Nick Westbrook-Ikhine,WR,WR161,,WR169,WR-T9,,,29.4,7,6'2",211,,1,,,,,1.4,,,,14.4,13,,,,1885,170,,,,,,WR
469,Xavier Restrepo,WR,WR162,,,WR-T9,,,24.4,1,5'10",202,,1,,,,,1.4,,,,5.6,2,,,,,,,,,,,WR
470,J'Mari Taylor,RB,RB108,RB102,,RB-T8,JAC,7,24.6,,5'9",204,,1,-133,,,,1.3,,,,,,337,312,362,,,2,,,,,RB
471,Jarquez Hunter,RB,RB109,RB97,,RB-T8,MIA,6,23.7,2,5'10",211,4.44,1,-142,,,,1.3,,,,,,328.67,304,367,,,1,,,,,RB
472,Max Bredeson,RB,RB110,,RB104,RB-T8,,,23.9,R,6'2",252,,1,,,,,1.3,,,,,,,,,1216,169.9,,,,,,RB
473,Raheim Sanders,RB,RB111,RB77,RB118,RB-T8,CLE,11,24.2,2,6'0",230,4.46,1,-179,,,,1.3,,,,18.8,4,293.5,271,305,1417,169.9,2,,,,,RB
474,Juice Wells Jr.,WR,WR163,,,WR-T9,,,,,,,,1,,,,,1.3,,,,,,,,,,,,,,,,WR
475,Scotty Miller,WR,WR164,,WR161,WR-T9,,,29.1,,,,,1,,,,,1.3,,,,,,,,,1695,170,,,,,,WR
476,Tutu Atwell,WR,WR165,WR119,WR124,WR-T9,LAR,11,26.9,6,5'9",165,4.42,1,-167,,,,1.3,,,,28.2,8,309,309,309,1058,169.8,1,,,,,WR
477,AJ Dillon,RB,RB112,,RB110,RB-T8,,,28.3,7,6'0",247,4.53,1,,,,,1.2,,,,7.6,6,,,,1342,169.8,,,,,,RB
478,Antonio Gibson,RB,RB113,,RB123,RB-T8,,,28.2,,6'3",206,4.39,1,,,,,1.2,,,,16.2,5,,,,1864,170,,,,,,RB
479,Brittain Brown,RB,RB114,,RB111,RB-T8,,,28.9,3,6'1",205,,1,,,,,1.2,,,,9.7,2,,,,1363,170,,,,,,RB
480,Eli Heidenreich,RB,RB115,RB82,RB98,RB-T8,PIT,9,23.2,,6'0",198,4.44,1,-177,,,,1.2,,,,,,303.25,293,322,437,170,1,,,,,RB
481,Lew Nichols III,RB,RB116,,RB128,RB-T8,,,25,1,5'10",220,,1,,,,,1.2,,,,0,1,,,,2138,169.9,,,,,,RB
482,Patrick Ricard,RB,RB117,,RB106,RB-T8,,,32.3,10,6'3",300,,1,,,,,1.2,,,,1.6,5,,,,1272,169.9,,,,,,RB
483,Tahj Brooks,RB,RB118,RB105,RB85,RB-T8,CIN,6,24.3,2,5'9",220,4.52,1,-119,,,,1.2,,,,5.9,12,363.5,363,364,396,170,1,,,,,RB
484,Tyler Goodson,RB,RB119,,,RB-T8,,,25.8,4,5'9",197,4.42,1,,,,,1.2,,,,4.2,10,,,,,,,,,,,RB
485,Dyami Brown,WR,WR166,,WR111,WR-T9,,,26.8,6,6'0",195,4.46,1,,,,,1.2,,,,39.7,11,,,,990,170,,,,,,WR
486,Kevin Austin Jr.,WR,WR167,,,WR-T9,,,26.4,3,6'2",200,4.43,1,,,,,1.2,,,,26.5,5,,,,,,,,,,,WR
487,Jaydn Ott,RB,RB120,,,RB-T8,,,23.7,R,5'11",208,,1,,,,,1.1,,,,,,,,,,,,,,,,RB
488,Michael Carter,RB,RB121,,RB124,RB-T8,,,27.3,,6'2",281,4.5,1,,,,,1.1,,,,82.5,17,,,,1902,170,,,,,,RB
489,Zavier Scott,RB,RB122,,,RB-T8,,,27.1,2,6'1",221,,1,,,,,1.1,,,,32.2,11,,,,,,,,,,,RB
490,DeAndre Hopkins,WR,WR168,,WR166,WR-T9,,,34.2,13,6'1",210,4.57,1,,,,,1.1,,,,56,17,,,,1761,169.9,,,,,,WR
491,Deion Burks,WR,WR169,,WR159,WR-T9,,,23.6,R,5'9",180,4.3,1,,,,,1.1,,,,,,,,,1443,170,,,,,,WR
492,Lil'Jordan Humphrey,WR,WR170,,WR149,WR-T9,,,28.4,7,6'4",225,4.75,1,,,,,1.1,,,,28.1,7,,,,1339,169.8,,,,,,WR
493,Jam Miller,RB,RB123,,RB99,RB-T8,,,22.3,R,5'10",209,4.42,1,,,,,1,,,,,,,,,455,170.1,,,,,,RB
494,Julius Chestnut,RB,RB124,,RB112,RB-T8,,,25.8,5,5'11",228,,1,,,,,1,,,,4,16,,,,1364,169.9,,,,,,RB
495,Kene Nwangwu,RB,RB125,,RB91,RB-T8,,,28.6,6,6'1",210,,1,,,,,1,,,,4.9,10,,,,404,170.1,,,,,,RB
496,Ronnie Rivers,RB,RB126,,RB113,RB-T8,,,27.6,5,5'9",198,4.6,1,,,,,1,,,,4.6,6,,,,1366,169.9,,,,,,RB
497,Tyler Badie,RB,RB127,,RB94,RB-T8,,,26.6,,5'8",197,4.45,1,,,,,1,,,,25.9,16,,,,432,170,,,,,,RB
498,CJ Daniels,WR,WR171,WR121,WR157,WR-T9,LAR,11,24.7,R,6'2",202,,1,-182,,,,1,,,,,,316,316,316,1431,169.9,1,,,,,WR
499,Savion Williams,WR,WR172,WR130,WR115,WR-T9,GB,11,24.8,2,6'4",222,4.48,1,-156,,,,1,,,,20.5,12,343,343,343,1014,170,1,,,,,WR
500,Austin Ekeler,RB,RB128,,RB122,RB-T8,,,31.3,9,5'10",200,,1,,,,,0.9,,,,10.6,2,,,,1742,169.9,,ADD,,Commanders expected to sign Austin Ekeler to active roster  reuniting with veteran RB  per report (rss:cbs),https://www.cbssports.com/nfl/news/commanders-expected-to-sign-rb-austin-ekeler/,RB
501,Dylan Laube,RB,RB129,RB108,RB93,RB-T8,LV,13,26.7,3,5'10",206,4.54,1,-135,,,,0.9,,,,4.2,17,366,366,366,431,170,1,,,,,RB
502,Hunter Luepke,RB,RB130,,RB102,RB-T8,,,26.5,4,6'1",250,,1,,,,,0.9,,,,30.5,14,,,,1095,169.9,,,,,,RB
503,Kareem Hunt,RB,RB131,RB86,RB121,RB-T8,FA,,31.1,9,5'11",216,4.62,1,-189,,,,0.9,,,,136.4,17,314,301,323,1740,169.9,1,,,,,RB
504,Terrell Jennings,RB,RB132,,,RB-T8,,,25.5,,6'0",217,,1,,,,,0.9,,,,14.7,6,,,,,,,,,,,RB
505,Marlin Klein,TE,TE77,TE52,TE70,TE-T8,HOU,8,24,R,6'6",250,4.61,1,-199,,,,0.9,,,,,,305.5,277,334,1237,170,1,,,,,TE
506,Kendrick Law,WR,WR173,,WR158,WR-T9,,,23.2,,5'11",203,4.45,1,,,,,0.9,,,,,,,,,1434,169.9,,,,,,WR
507,Tyler Lockett,WR,WR174,,WR165,WR-T9,,,33.9,11,5'10",182,4.4,1,,,,,0.9,,,,51.1,17,,,,1754,170,,,,,,WR
508,Ameer Abdullah,RB,RB133,,RB95,RB-T8,,,33.2,12,5'9",203,4.6,1,,,,,0.8,,,,29.9,13,,,,434,170,,,,,,RB
509,Corey Kiner,RB,RB134,RB109,RB107,RB-T8,NE,11,24.6,2,5'9",210,4.57,1,-142,,,,0.8,,,,8.3,4,367,367,367,1293,169.9,1,,,,,RB
510,Jawhar Jordan,RB,RB135,RB84,,RB-T8,HOU,8,27,1,5'10",186,4.56,1,-199,,,,0.8,,,,26.2,4,310.5,308,313,,,1,,,,,RB
511,Jeremy McNichols,RB,RB136,,RB108,RB-T8,,,30.7,6,5'9",205,4.49,1,,,,,0.8,,,,60.2,16,,,,1332,170,,,,,,RB
512,Joe Mixon,RB,RB137,,RB120,RB-T8,,,30.1,9,6'1",220,,1,,,,,0.8,,,,,,,,,1727,169.9,,,,,,RB
513,Lan Larison,RB,RB138,,,RB-T8,,,24.9,2,5'11",209,,1,,,,,0.8,,,,,,,,,,,,,,,,RB
514,Reggie Gilliam,RB,RB139,,RB105,RB-T8,,,29,7,6'1",255,,1,,,,,0.8,,,,3.8,11,,,,1268,169.9,,,,,,RB
515,Michael Trigg,TE,TE78,,,TE-T8,,,24.2,R,6'4",250,,1,,,,,0.8,,,,,,,,,,,,,,,,TE
516,Sam Roush,TE,TE79,TE64,TE71,TE-T8,CHI,10,23,R,6'5",267,4.7,1,-175,,,,0.8,,,,,,341,341,341,1241,169.9,1,,,,,TE
517,Tanner Koziol,TE,TE80,,TE68,TE-T8,,,23.6,,6'7",250,4.7,1,,,,,0.8,,,,,,,,,1228,169.9,,,,,,TE
518,Tyler Conklin,TE,TE81,,TE69,TE-T8,,,31.1,9,6'3",245,4.8,1,,,,,0.8,,,,13.8,6,,,,1229,169.9,,,,,,TE
519,Tim Patrick,WR,WR175,,WR148,WR-T9,,,32.8,9,6'5",210,,1,,,,,0.8,,,,44.2,13,,,,1335,170,,,,,,WR
520,Dameon Pierce,RB,RB140,,RB126,RB-T8,,,26.5,5,5'10",215,4.59,1,,,,,0.7,,,,3.6,5,,,,1995,170,,,,,,RB
521,Kalel Mullings,RB,RB141,,,RB-T8,,,23.9,2,6'2",226,,1,,,,,0.7,,,,0.7,4,,,,,,,,,,,RB
522,Alec Ingold,RB,RB142,,RB103,RB-T8,,,30.1,8,6'1",240,4.89,1,,,,,0.6,,,,10.1,9,,,,1161,169.9,,,,,,RB
523,Phil Mafah,RB,RB143,RB99,,RB-T8,NYG,8,23.9,R,6'1",232,,1,-192,,,,0.5,,,,9.9,1,331,306,364,,,1,,,,,RB
