player,pos,points,player_sk,p10,p50,p90
Josh Allen,QB,323.3,3008,174.8,330.1,402.2
Lamar Jackson,QB,295.4,3012,179.6,305,424
Drake Maye,QB,278.8,678,158.9,282.3,403.3
Justin Herbert,QB,275.8,2160,150,271.3,368.4
Caleb Williams,QB,275.3,677,162.8,279,389.8
Trevor Lawrence,QB,267.7,1816,131.8,258.6,383.8
Jayden Daniels,QB,265,679,176.2,282.3,386.5
Jaxson Dart,QB,262.4,303,122.4,265,384.2
Patrick Mahomes II,QB,259.6,3449,121.3,262.8,355.1
Joe Burrow,QB,258.6,2158,163.1,258.7,340.9
Jalen Hurts,QB,256.5,2164,154.7,267,359.5
Bo Nix,QB,254.8,680,118.7,248,357.9
Brock Purdy,QB,243.1,1416,145.1,269.3,334.2
Dak Prescott,QB,241.2,3862,123.9,246,363.5
Jared Goff,QB,240.9,3853,107.7,248.8,360.4
Malik Willis,QB,238,1412,113.4,222.6,339.5
Tyler Shough,QB,232.2,310,108.9,222.2,346.5
Jahmyr Gibbs,RB,231.5,1042,108,233.4,349.9
Baker Mayfield,QB,229.4,3009,109.4,216.6,333.2
Ja'Marr Chase,WR,229.2,1860,110.9,234.1,322
Kyler Murray,QB,228.4,2563,130.3,240.2,359
De'Von Achane,RB,227.7,1047,103.5,210.5,318.3
Bijan Robinson,RB,226.4,1041,84.1,216.6,366.9
James Cook III,RB,217.7,1432,116.7,209.5,316.5
Jordan Love,QB,217.3,2163,122.7,231,343.1
Saquon Barkley,RB,209.5,3023,102.8,205.7,305.7
Amon-Ra St. Brown,WR,207.8,1866,94.8,207.8,303.6
Ashton Jeanty,RB,207.6,313,102.2,198.3,287.3
Drake London,WR,207.3,1468,121.5,213.3,283.4
Bryce Young,QB,205.9,1028,83.5,190.7,324
Puka Nacua,WR,202.5,1090,108.5,211.3,292.2
Justin Jefferson,WR,202.3,2217,123.5,200.9,273.8
Emeka Egbuka,WR,202.2,352,101.7,196.8,252.8
Jacoby Brissett,QB,201.7,3858,86.1,199.9,316.5
Breece Hall,RB,201.5,1425,103.6,196.7,309
Christian McCaffrey,RB,201.5,3463,91.3,198.5,336.9
C.J. Stroud,QB,200,1030,78.5,205,314.1
CeeDee Lamb,WR,196.7,2213,116.6,202.6,263.6
Matthew Stafford,QB,196.1,6674,80.9,228,347.4
Daniel Jones,QB,196,2566,68.6,193.7,303.5
Jaxon Smith-Njigba,WR,195.7,1065,96.1,196.8,308.5
Kenneth Walker III,RB,194.9,1428,107.7,178.1,282.8
Tetairoa McMillan,WR,194.3,342,85.2,185,247.4
Nico Collins,WR,192.1,1869,97.5,194.7,278
Derrick Henry,RB,191.9,3868,89.5,187.3,293.2
Omarion Hampton,RB,190.9,315,110.7,197.1,293.1
Chase Brown,RB,190.7,1061,103.9,196.1,272.2
Cam Ward,QB,190.5,301,90.8,193.4,308.6
Colston Loveland,TE,190.3,375,69.2,167.3,258.1
Brock Bowers,TE,189.6,736,104.4,193.4,270.3
Javonte Williams,RB,187.3,1835,75,183.9,285.9
Jeremiyah Love,RB,184.9,11,89.9,194,304.6
Cam Skattebo,RB,182.2,316,78.3,172.5,274.6
Chris Olave,WR,180.1,1471,83.3,186.4,258.3
Zay Flowers,WR,179.5,1070,77.5,176.3,261.5
Aaron Rodgers,QB,178.8,7889,56.8,196,292.1
Trey McBride,TE,178.2,1510,104.7,166.6,261.7
Sam Darnold,QB,177.3,3011,72,172.3,299.6
Rashee Rice,WR,177.3,1074,96.8,183.1,245.6
A.J. Brown,WR,174.4,2611,88.7,174,255.2
Jameson Williams,WR,172.8,1473,75,169.4,255.5
Malik Nabers,WR,172.5,711,103.9,172.8,240.4
Travis Etienne Jr.,RB,172.2,1832,72.6,165.8,271.1
Geno Smith,QB,171.2,5092,60.8,164.1,278.6
Kyren Williams,RB,169.2,1427,65.8,157.5,269.9
Fernando Mendoza,QB,168.8,1,50.5,156.4,275.8
Tua Tagovailoa,QB,167.9,2159,41.3,162.5,283.9
Jonathan Taylor,RB,165.9,2183,76.7,196.8,312
DeVonta Smith,WR,165.7,1861,79.5,158,231.5
Christian Watson,WR,159,1505,72,164.2,234.9
D'Andre Swift,RB,158.4,2178,69.1,163.8,245.3
Garrett Wilson,WR,156.7,1470,86.6,153.5,243.9
Bhayshul Tuten,RB,156.6,323,75.4,156.9,231.6
George Pickens,WR,156.6,1479,73.1,163.3,256.5
TreVeyon Henderson,RB,151.7,314,57.9,150.8,252
Jadarian Price,RB,150.2,12,61.8,151.7,245.8
Carnell Tate,WR,149.9,36,64.7,168.6,240.6
Marvin Harrison Jr.,WR,149.8,11775,72,156.3,233.8
Rome Odunze,WR,149.1,712,61.2,149.6,223.6
Bucky Irving,RB,148.6,696,77,159,261.3
DJ Moore,WR,148.3,3054,69.6,148.7,230.3
DK Metcalf,WR,145.9,2609,49.7,140.5,235.8
Jaylen Warren,RB,145.4,1459,53,137.8,235
Khalil Shakir,WR,145.4,1478,50.1,143.9,224.7
Tyler Warren,TE,144.8,373,59.4,130.9,204
Harold Fannin Jr.,TE,144.1,374,60.2,141.6,216.4
Tee Higgins,WR,143.7,2216,70.2,146,233
Rhamondre Stevenson,RB,143.5,1838,44.7,143.9,246.6
Jaylen Waddle,WR,143.2,1863,57.7,123.1,232.8
Tony Pollard,RB,142.9,2592,29.5,128.6,241.7
Davante Adams,WR,140.4,4720,57.9,149.8,228.3
Luther Burden III,WR,139.6,341,89.4,134.2,215.9
Quinshon Judkins,RB,138.3,322,52.6,141.6,249.3
MarShawn Lloyd,RB,137.4,701,37.2,128.9,229.7
Terry McLaurin,WR,133.7,2616,75,140.3,212.7
George Kittle,TE,133.1,3625,60.3,133.8,198.1
Alec Pierce,WR,131.5,1484,49.1,134,217.1
Brandon Aubrey,K,130.5,1286,70.6,137.3,175.7
J.K. Dobbins,RB,129.5,2181,40.7,131.3,210.3
Ka'imi Fairbairn,K,129.2,4088,69.3,136,174.4
Jonathon Brooks,RB,128.1,695,32.2,111.3,200.3
Ladd McConkey,WR,126.8,723,81.8,125.4,212.6
Cameron Dicker,K,125.7,1691,65.9,132.5,170.9
Cam Little,K,125.6,773,65.8,132.4,170.9
Rachaad White,RB,124.2,1438,45.9,117.4,225.9
Jason Myers,K,124,5069,64.1,130.8,169.2
Kyle Pitts Sr.,TE,122.6,1908,67,127,221
Brian Thomas Jr.,WR,122.3,714,50.4,122,214.4
Quentin Johnston,WR,121.4,1068,46,124.7,189.4
Eddy Pineiro,K,121,3137,61.2,127.8,166.2
Sam LaPorta,TE,120.3,1093,65.9,133,192.3
Courtland Sutton,WR,119.2,3049,35.2,128.7,215
Tyler Loop,K,118.9,491,59,125.7,164.1
KC Concepcion,WR,118.9,40,39.1,133.2,202.1
Evan McPherson,K,118.7,1946,58.8,125.5,163.9
Parker Washington,WR,118.7,1072,50.3,123.4,194.5
HOU D/ST,DST,118.2,DST:HOU,76.6,117,163.2
Mike Evans,WR,116.9,4716,54.3,120.1,207
Cairo Santos,K,116.6,4982,56.7,123.4,161.8
Jake Bates,K,116.6,1375,56.7,123.4,161.8
DEN D/ST,DST,115.9,DST:DEN,74.3,114.7,160.9
Rico Dowdle,RB,115.9,2204,20.5,101,216.2
Michael Wilson,WR,115.9,1085,33.3,121.1,189.2
Deshaun Watson,QB,115.3,3446,3.6,111.5,220.1
Aaron Jones Sr.,RB,115.1,3645,30.5,118,190.4
Andy Borregales,K,114.8,12097,54.9,121.6,160
Jakobi Meyers,WR,114.6,2634,42.3,111.8,191.1
LAR D/ST,DST,114.1,DST:LAR,72.5,112.9,159.1
Chase McLaughlin,K,113.4,2952,53.6,120.2,158.7
Tucker Kraft,TE,113,1101,65.4,116.7,171.7
Jake Ferguson,TE,112.7,1515,35.7,99,193.5
Chris Boswell,K,112.1,4973,52.2,118.9,157.3
Harrison Butker,K,112.1,3680,52.2,118.9,157.3
Harrison Mevis,K,112.1,934,52.2,118.9,157.3
Wil Lutz,K,112.1,4180,52.2,118.9,157.3
Will Reichard,K,112.1,774,52.2,118.9,157.3
David Montgomery,RB,112.1,2578,26.5,115,219.6
Daniel Carlson,K,111.8,3136,52,118.6,157.1
Nick Folk,K,111.7,7400,51.8,118.5,156.9
PHI D/ST,DST,111.2,DST:PHI,69.5,110,156.1
SEA D/ST,DST,111.2,DST:SEA,69.5,110,156.1
Chris Godwin Jr.,WR,111.2,3495,49.3,100.6,185.3
Spencer Shrader,K,110.3,972,50.5,117.1,155.6
Jordan Mason,RB,110.3,1684,42.5,104.9,200.3
MIN D/ST,DST,110,DST:MIN,68.4,108.8,155
Hunter Henry,TE,109.9,3916,27.1,102.1,180.5
PIT D/ST,DST,109.8,DST:PIT,68.1,108.6,154.8
Isaiah Likely,TE,109.5,1514,64.3,85.3,155.8
Trey Smack,K,109.1,204,49.2,115.9,154.3
BAL D/ST,DST,109,DST:BAL,67.4,107.8,154
JAC D/ST,DST,109,DST:JAC,67.4,107.8,154
LAC D/ST,DST,109,DST:LAC,67.4,107.8,154
NE D/ST,DST,109,DST:NE,67.4,107.8,154
Josh Downs,WR,109,1067,39.6,95.3,177.1
Stefon Diggs,WR,108.8,4341,22.8,112,173.9
GB D/ST,DST,108.4,DST:GB,66.8,107.2,153.4
Blake Corum,RB,108,691,40.3,103.8,188.1
Blake Grupe,K,107.8,1315,47.9,114.6,153
Charlie Smyth,K,107.8,1022,47.9,114.6,153
Ryan Fitzgerald,K,107.8,544,47.9,114.6,153
Tyler Bass,K,107.8,2359,47.9,114.6,153
Dallas Goedert,TE,107.8,3092,32.6,111.7,193.9
Ben Sauls,K,107.4,661,47.5,114.2,152.6
Brandon McManus,K,107.4,4984,47.5,114.2,152.6
Zane Gonzalez,K,107.4,3673,47.5,114.2,152.6
Dalton Kincaid,TE,107,1092,48.2,104.2,175
De'Zhaun Stribling,WR,106.8,52,39.8,112,163.1
Joey Slye,K,106.1,2921,46.3,112.9,151.3
Mark Andrews,TE,105.2,3089,46.8,97.3,187.9
KC D/ST,DST,104.7,DST:KC,63.1,103.5,149.7
Chuba Hubbard,RB,104.5,1840,26.1,107.5,208.9
Jordan Addison,WR,104.3,1066,45.7,107.7,201.9
RJ Harvey,RB,103.9,339,23.8,79.2,183.7
Tyjae Spears,RB,103.7,1045,19.4,70,166.4
DET D/ST,DST,103.6,DST:DET,61.9,102.4,148.5
Michael Pittman Jr.,WR,102.8,2223,29.1,119.8,193.8
Josh Jacobs,RB,102,2580,4.5,96.6,193.1
Travis Kelce,TE,101.8,5184,37,100.6,189.2
Terrance Ferguson,TE,101.7,378,60.7,95.6,143.1
Adonai Mitchell,WR,101.5,722,25.6,88.6,162.1
CLE D/ST,DST,101.3,DST:CLE,59.6,100.1,146.2
Rashid Shaheed,WR,100.4,1750,22,102.2,192.1
Romeo Doubs,WR,100.1,1495,17.2,97.7,194.8
BUF D/ST,DST,99.6,DST:BUF,57.9,98.4,144.5
DAL D/ST,DST,99.6,DST:DAL,57.9,98.4,144.5
NO D/ST,DST,99.6,DST:NO,57.9,98.4,144.5
SF D/ST,DST,99.6,DST:SF,57.9,98.4,144.5
TEN D/ST,DST,99.6,DST:TEN,57.9,98.4,144.5
Wan'Dale Robinson,WR,99.3,1474,14.4,95.6,178
Brenton Strange,TE,98.7,1146,39.1,97,143.8
Chad Ryland,K,98.4,1168,38.5,105.2,143.6
T.J. Hockenson,TE,98.3,2645,37.8,97.6,163.7
Jake Elliott,K,98.2,3629,38.3,105,143.4
Michael Mayer,TE,97.7,1091,35.2,97.7,155.3
Tre Tucker,WR,96.8,1163,20.5,93.5,183.4
CIN D/ST,DST,96.7,DST:CIN,55.1,95.5,141.7
Drew Stevens,K,96.5,262,36.6,103.3,141.7
Juwan Johnson,TE,95.7,2242,42.8,96.9,183.9
Matthew Golden,WR,95.4,346,43.2,104.8,149.3
Mike Gesicki,TE,95.2,3090,31.4,93.7,157
Deebo Samuel Sr.,WR,94.8,2643,12.5,89.4,177.7
AJ Barner,TE,94.6,815,23.2,101.8,154.3
Jacory Croskey-Merritt,RB,93.4,524,34.2,101.9,200.4
ATL D/ST,DST,92.7,DST:ATL,51,91.5,137.6
CHI D/ST,DST,92.7,DST:CHI,51,91.5,137.6
Shedeur Sanders,QB,92.7,302,15.8,106.9,184.1
Pat Freiermuth,TE,92.7,1910,24.2,94.7,160.1
IND D/ST,DST,92.4,DST:IND,50.8,91.2,137.4
LV D/ST,DST,92.4,DST:LV,50.8,91.2,137.4
NYG D/ST,DST,92.4,DST:NYG,50.8,91.2,137.4
WAS D/ST,DST,92.4,DST:WAS,50.8,91.2,137.4
Cole Kmet,TE,91.1,2248,13.6,84.6,135
Chris Rodriguez Jr.,RB,91,1054,23.6,106.1,182.9
Dominic Zvada,K,90.6,272,30.7,97.4,135.8
Michael Penix Jr.,QB,89,681,26.6,84.9,166.4
ARI D/ST,DST,87.8,DST:ARI,46.2,86.6,132.8
CAR D/ST,DST,87.8,DST:CAR,46.2,86.6,132.8
MIA D/ST,DST,87.8,DST:MIA,46.2,86.6,132.8
NYJ D/ST,DST,87.8,DST:NYJ,46.2,86.6,132.8
TB D/ST,DST,87.8,DST:TB,46.2,86.6,132.8
Dalton Schultz,TE,87.5,3186,30.5,78.1,172
Greg Dulcich,TE,87.1,1513,49.2,89.2,168
Makai Lemon,WR,86.3,38,28.7,86.6,170.4
Cade Otton,TE,85.6,1518,22.5,84.3,159.9
Jordyn Tyson,WR,84.9,37,22.7,93.1,178.5
Jason Sanders,K,84.7,3245,24.8,91.4,129.9
Jayden Reed,WR,82,1064,60.3,94.1,178.6
Gunnar Helm,TE,81.5,376,27.1,87.1,149.7
Kyle Monangai,RB,79.2,337,21.1,85,187.5
Kenyon Sadiq,TE,78.8,81,18.8,92.4,168.4
Xavier Worthy,WR,75.3,716,27.8,86,156.9
Dylan Sampson,RB,73.9,318,14.5,72.4,162.9
Jerry Jeudy,WR,73.7,2214,24.9,72.5,159.4
Zachariah Branch,WR,72.8,46,3.2,70,155.6
Chig Okonkwo,TE,72.7,12118,31.9,68.4,131.9
Evan Engram,TE,72.3,3521,18.1,71.5,153.2
Braelon Allen,RB,72.2,694,18,60.3,119.7
Zach Charbonnet,RB,71.3,1049,3.7,84.3,148.1
Travis Hunter,WR,70.8,345,7.9,69.8,135.7
Kenny Gainwell,RB,69.6,12112,7.1,65.5,154.5
Keaton Mitchell,RB,68.8,1058,14.1,49.4,106.8
Isiah Pacheco,RB,68.6,1466,3.6,44.5,138.7
Dawson Knox,TE,68,2649,7,74.5,126.4
Jalen Coker,WR,67.2,901,19.1,64.6,144.2
Mason Taylor,TE,67.1,377,17.7,68.4,161.4
Denzel Boston,WR,66.4,39,3.9,54.3,126
Oronde Gadsden II,TE,65.8,370,9.7,41.4,134.4
Brian Robinson Jr.,RB,64.6,1433,3.2,63.3,125.2
Tyrone Tracy Jr.,RB,63.4,839,3.8,46.9,127.9
Tank Bigsby,RB,62.4,1044,11.8,53.9,106.7
Jaylin Noel,WR,62.2,351,7.9,57.8,130
Ray Davis,RB,61.7,700,4,60.7,123.4
Kayshon Boutte,WR,61.7,1073,12.8,49.7,131.4
Charlie Kolar,TE,61.4,1511,24.4,47.4,76.9
Mike Washington Jr.,RB,60.4,21,4.4,64.5,139.6
Woody Marks,RB,59.2,324,4,43,142.8
Noah Fant,TE,58.8,2644,1.6,60.8,110.5
Alvin Kamara,RB,57.2,3465,3.4,47,137.4
Theo Johnson,TE,55.4,744,8.9,42.2,129.2
Isaiah Bond,WR,54.9,347,2.3,46.6,111.6
Colby Parkinson,TE,54.1,2252,2.4,56.8,124
Jake Browning,QB,53.6,2844,23.4,53.6,147.5
Tommy Tremble,TE,53,1911,4.4,35.5,114.4
Demond Claiborne,RB,52.4,20,3.4,50,133.2
David Njoku,TE,51.8,3524,5.9,36.6,109.3
Tyson Bagent,QB,50.7,1259,2.7,20.6,88.7
Kyle Williams,WR,48.5,11767,2.7,51.9,113.2
Tank Dell,WR,48.5,1083,3.6,47.8,129.2
Barion Brown,WR,48.4,79,1.9,46.1,119.8
Darren Waller,TE,47.3,4413,14.9,57.2,90.6
Tyler Allgeier,RB,47.2,1429,3.8,39.8,135.9
Kirk Cousins,QB,47,5509,3.9,42.2,117.8
Omar Cooper Jr.,WR,47,41,3.6,38.7,111.8
Keon Coleman,WR,46.9,713,3.2,51,100.2
Kimani Vidal,RB,46.6,849,3.1,38.8,87.5
Darnell Washington,TE,46.5,1095,2.6,32.2,114.8
Malik Washington,WR,46.2,777,3.4,44.1,112.3
Eli Raridon,TE,44.5,143,1.5,35.1,99.6
Drew Allar,QB,44.4,7,3.5,35.2,128.4
Ollie Gordon II,RB,42.5,330,3.1,23.8,89.5
Troy Franklin,WR,42.1,715,3.8,30.9,132.2
Jake Tonges,TE,41.5,1734,6.3,30.2,91.4
Dontayvion Wicks,WR,41.5,1075,3.9,38.1,102.4
Pat Bryant,WR,41.2,353,3.7,41.3,87.7
Elijah Arroyo,TE,41,379,7.6,33.9,64.3
Rashod Bateman,WR,41,1872,3.4,40.9,97.2
Tyler Higbee,TE,40.5,3918,4.7,32.5,87.9
Jack Bech,WR,40.2,349,3.5,38.8,91.2
Jalen McMillan,WR,40,724,12.3,36.6,81.6
Calvin Ridley,WR,38.6,3048,4.1,33,81.8
Chimere Dike,WR,38.5,441,2.9,38.7,120.9
Caleb Douglas,WR,37.9,135,3.7,35.4,108.8
Ryan Flournoy,WR,37.6,870,3.5,33.6,112
Tre' Harris,WR,37.6,343,3.4,32.9,93.8
Jameis Winston,QB,37,4295,2.8,16.4,105.3
Marvin Mims Jr.,WR,36.8,1069,2.3,32.2,92.9
Tory Horton,WR,36.7,369,2.6,36.8,82.3
Elijah Sarratt,WR,36.6,44,2.5,37.4,117.4
Kaelon Black,RB,36.4,24,3.1,33.2,124.9
Isaac TeSlaa,WR,36.4,427,3.6,36.1,87
Elic Ayomanor,WR,36,344,2.6,24.4,105.6
Emmett Johnson,RB,35.5,13,3.8,36.8,102.5
Devaughn Vele,WR,35.4,880,3.8,39.1,97.5
Samaje Perine,RB,35.1,3466,3,36.4,120.5
Cyrus Allen,WR,34.1,56,3.5,31.3,103.6
Jaylen Wright,RB,33.6,707,2.5,29.5,89.1
Jacob Saylors,RB,33.5,1376,2.3,27.8,90.4
Jaydon Blue,RB,33.5,340,1.9,21.8,73
Noah Gray,TE,33.5,1916,5.1,27.4,96.4
J.J. McCarthy,QB,33,682,3.1,17.4,127.6
Nicholas Singleton,RB,32.1,15,3,18.3,93.9
Kyle Juszczyk,RB,31.5,5300,2.6,37.3,110.4
Riley Leonard,QB,30.3,306,2.8,24.2,85.3
Mitchell Evans,TE,30.3,380,1.1,26.6,81.4
Mac Jones,QB,29.7,1820,2.7,6.2,107.6
Ja'Kobi Lane,WR,29.6,55,3.6,32,118.5
Will Kacmarek,TE,29.5,141,1.3,25.3,83.9
Jalen Nailor,WR,29.2,1502,3.4,27.5,98
John Bates,TE,28.4,1923,2.9,27.6,65.6
Malachi Fields,WR,28,49,3.2,25.6,99
Jalen Milroe,QB,27.1,304,1.9,21,68.5
Cooper Kupp,WR,26.8,3496,3.4,24.1,97.8
Zavion Thomas,WR,26.4,59,1.5,19.8,101.4
Davis Mills,QB,26.3,1831,2,6.1,67.1
Anthony Richardson Sr.,QB,26.1,1032,12.8,20.2,70
Kaden Wetjen,WR,25.8,156,1.8,29.2,106.3
Germie Bernard,WR,25.4,42,3.1,27.6,98.5
Chris Bell,WR,25.1,45,3.4,27.5,114
Kendre Miller,RB,24.4,1051,2.2,18.4,76.1
Dohnte Meyers,WR,24.1,676,2.4,22.7,105.1
Antonio Williams,RB,23.9,2509,2.8,23,114.7
Ted Hurst III,WR,23.7,58,3.3,26.1,112.6
Chris Brooks,RB,23.6,1262,2.8,17.1,91.3
Jauan Jennings,WR,22.9,2241,4.3,29.9,129
Tyreek Hill,WR,22.8,4029,2.6,15.4,72.4
Gardner Minshew II,QB,22.7,2574,2.2,16.6,83.4
Matt Hibner,TE,22.4,12120,1.4,18,81.6
Taylen Green,QB,21.4,193,2.9,21.2,99.6
Ja'Tavion Sanders,TE,21.4,738,8.8,30.5,54.4
Josh Oliver,TE,21.2,2710,1.1,15.4,72.6
Emari Demercado,RB,21,1260,3.2,15.3,76.9
Joe Milton III,QB,20.8,683,2.4,14.5,44.7
Sean Tucker,RB,20.6,1046,2.8,10.6,108
KaVontae Turpin,WR,20.5,1693,2,16.2,82.7
Brenen Thompson,WR,20.3,67,1.7,21.2,99.9
Tommy Myers,TE,20.2,12121,1.3,15.9,79.5
Nate Boerkircher,TE,19.9,127,1.3,18.5,83.3
DeMario Douglas,WR,19.7,1218,2.1,17.2,72
Jalen Royals,WR,19.7,357,2.3,14.1,58.7
Kaleb Johnson,RB,19.5,319,2.9,5.6,75.1
Ben Sinnott,TE,19.4,739,1.6,14.7,44.7
Darius Slayton,WR,18.7,2629,2.5,22.6,79.4
Malik Davis,RB,17.9,1455,2,10.9,71.5
Hollywood Brown,WR,17.9,12119,2.1,16.4,98.6
Justice Hill,RB,17.8,2593,2.8,10.6,67.5
James Conner,RB,17.2,3479,2.8,11.8,64.5
Tyquan Thornton,WR,17.1,1503,2.8,19.9,63.9
Darnell Mooney,WR,16.8,2350,3.1,12.8,83.2
Jimmy Horn Jr.,WR,16.8,503,1.1,13.1,70.4
Marcus Mariota,QB,16.1,4296,2.3,2.3,86.7
Kaytron Allen,RB,16,17,2.7,11.3,90
Jordan James,RB,15.9,326,2.1,2.1,88.1
Xavier Smith,WR,15.8,1300,1.7,10.1,79.1
Quinn Ewers,QB,15.1,305,2.7,17.4,101.4
Jonah Coleman,RB,15.1,16,3.7,23.7,95.9
Keenan Allen,WR,15.1,5163,3.4,11.7,93.5
Kevin Coleman Jr.,WR,15,66,1.5,16.4,91.3
Trey Benson,RB,14.7,692,2.3,6,58.3
Brandin Cooks,WR,14.6,4719,2.3,7.7,70.5
Jaylin Lane,WR,14.5,454,1.1,10.7,69.1
Drew Sample,TE,14.4,2652,1.1,15.7,45.5
Tez Johnson,WR,14.1,350,2.2,14.7,75
Daniel Bellinger,TE,13.9,1586,1.1,7.6,75.7
Elijah Higgins,TE,13.9,1209,1,6.1,69.9
Xavier Legette,WR,13.8,734,2.4,10.2,75
LeQuint Allen Jr.,RB,13.6,332,2.2,13.8,88.6
Adam Trautman,TE,13.1,2251,0.9,11.9,59.3
Dont'e Thornton Jr.,WR,13,358,2,6.4,53.1
Isaiah Williams,WR,13,,1.9,11.5,93.7
George Holani,RB,12.9,705,2.4,5.2,59.9
Mack Hollins,WR,12.6,3615,2.6,9.8,71.8
Oscar Delp,TE,12.2,104,1.5,7.9,63.4
Malik Benson,WR,12.1,242,2.4,10.8,81
Max Klare,TE,12,85,1.5,9.8,65.6
Jordan Watkins,WR,12,462,1.5,8.1,56.3
Devin Neal,RB,11.6,317,2.1,4.2,56
DJ Giddens,RB,11.4,331,2,3.6,54.4
Ty Johnson,RB,11.1,2602,2.2,8.8,98.6
Jalen Tolbert,WR,11.1,1504,2.4,14.5,73.8
Andrei Iosivas,WR,10.9,1086,2.3,9.2,66.2
Xavier Hutchinson,WR,10.6,1081,2.3,8.8,65.9
Will Shipley,RB,10.5,698,1.2,10.7,81.1
Brandon Aiyuk,WR,9.6,2221,2.6,4.5,81.3
Adam Randall,RB,9.5,188,2.8,8.5,100.3
Isaiah Davis,RB,9.1,844,2,4.1,66.3
Taysom Hill,TE,9.1,3740,2,0.8,39
Zach Ertz,TE,9.1,5187,0.8,3.7,59.4
Rasheen Ali,RB,9,838,1.2,4.9,71.3
Jordan Whittington,WR,8.9,728,1.1,6.9,67
Christian Kirk,WR,8.2,3052,2.6,3.5,58.5
Tyrod Taylor,QB,7.3,6041,2.2,2.2,35.4
Jelani Woods,TE,7.1,1556,0.8,1.7,19.9
Kalif Raymond,WR,7,4231,1.5,2.7,74.9
Skyler Bell,WR,6.8,47,2.3,3.7,77.9
Tai Felton,WR,6.5,368,1.3,10.2,60.4
Brashard Smith,RB,6.3,320,1.7,1.7,74.7
Jackson Hawes,TE,6.1,482,0.8,0.8,42.1
Jack Strand,QB,5.4,279,2.5,8.2,109.9
Audric Estime,RB,5.4,693,1.7,1.7,48.5
Cade Stover,TE,5.2,737,1.1,5.8,26
Chris Brazzell II,WR,4.7,11763,2,2.3,75.7
Roman Wilson,WR,4.7,725,2,2,47.5
Josh Cameron,WR,4.3,65,0.9,5.6,81.9
Austin Hooper,TE,4.1,3917,1.1,1.1,54.3
Luke Musgrave,TE,4.1,1094,1.1,5.9,45
Tanner Hudson,TE,4.1,3401,0.8,0.8,39.4
Jacob Cowing,WR,3.9,735,0.9,7.6,84.1
Carson Beck,QB,3.8,5,3.8,3.8,88.5
Erick All Jr.,TE,3.6,740,1.5,1.9,55.3
Ty Simpson,QB,3.1,2,3.1,3.1,81.1
Luke Schoonmaker,TE,2.7,1100,0.8,1.1,28.2
Cade Klubnik,QB,2.5,6,2.5,2.5,97.6
Sione Vaki,RB,2.5,771,1.4,1.4,59.4
Eli Stowers,TE,2.3,82,2.3,5.1,60.4
Justin Fields,QB,2.2,1817,2.2,2.2,76.7
Isaac Guerendo,RB,2.2,780,1.3,1.3,57.1
Bryce Lance,WR,2.2,57,2.1,2.1,76.8
Cedric Tillman,WR,2.2,1071,2.2,2.2,47.6
Luke McCaffrey,WR,2.2,730,1.3,1.3,51.9
Joe Flacco,QB,2.1,6979,2.1,2.1,76.3
Bam Knight,RB,2.1,1444,1.8,1.8,70.3
Emanuel Wilson,RB,2.1,1304,2.1,2.1,92.1
Najee Harris,RB,2.1,1833,2.1,2.1,55.1
Jahan Dotson,WR,2.1,1472,2.1,2.1,69.2
Seth McGowan,RB,2,14,2,3.7,100.6
Joshua Palmer,WR,2,1898,2,2,46.8
Kendrick Bourne,WR,2,3736,2,2,53.7
Konata Mumpfield,WR,2,522,2,2,50.5
Devin Singletary,RB,1.9,2587,1.9,1.9,87.5
Jerome Ford,RB,1.9,1430,1.9,1.9,48.2
Khalil Herbert,RB,1.9,1850,1.9,1.9,45.6
Marquez Valdes-Scantling,WR,1.9,3207,1.9,1.9,41.1
Trey Lance,QB,1.8,1819,1.8,1.8,63.2
Roschon Johnson,RB,1.8,1055,1.8,1.8,46.6
Justin Joly,TE,1.8,86,1.3,2.9,67.5
Trevor Etienne,RB,1.7,327,1.7,1.7,71.3
Chris Blair,WR,1.7,2156,1.7,1.7,39
Demarcus Robinson,WR,1.7,4013,1.7,1.7,46.6
Elijah Moore,WR,1.7,1867,1.7,1.7,41
Reggie Virgil,WR,1.7,64,1.7,1.7,77.1
Miles Sanders,RB,1.6,2586,1.6,1.6,59.9
Ashton Dulin,WR,1.6,2815,1.6,1.6,57.3
Colbie Young,WR,1.6,80,1.6,1.6,64.1
Jalen Reagor,WR,1.6,2220,1.6,1.6,63.2
Odell Beckham Jr.,WR,1.6,4724,1.6,1.6,54.4
Olamide Zaccheaus,WR,1.6,2919,1.6,1.6,64.3
Jaleel McLaughlin,RB,1.5,1265,1.5,1.5,42.4
Josh Williams,RB,1.5,617,1.5,1.5,40.1
Greg Dortch,WR,1.5,2615,1.2,3.1,62.1
Michael Woods II,WR,1.5,1508,1.5,1.5,54.2
Theo Wease Jr.,WR,1.5,359,1.5,1.5,35.6
Treylon Burks,WR,1.5,1469,1.5,1.5,39.5
Damien Martinez,RB,1.4,325,1.4,1.4,70
Jonnu Smith,TE,1.4,3525,1.2,1.2,75.8
Devontez Walker,WR,1.4,717,1.4,1.4,34.8
Jahdae Walker,WR,1.4,611,1.4,1.4,36.4
John Metchie III,WR,1.4,1476,1.4,1.4,54.8
Nick Westbrook-Ikhine,WR,1.4,2458,1.4,1.4,35.8
Xavier Restrepo,WR,1.4,348,1.4,1.4,36.1
J'Mari Taylor,RB,1.3,26,1.3,1.3,61
Jarquez Hunter,RB,1.3,335,1.3,1.3,65.5
Max Bredeson,RB,1.3,,1.3,1.3,84.8
Raheim Sanders,RB,1.3,333,1.3,1.3,38.8
Juice Wells Jr.,WR,1.3,12122,1.3,1.3,81.7
Scotty Miller,WR,1.3,2780,1.3,1.3,29.2
Tutu Atwell,WR,1.3,1880,1.3,1.3,33
AJ Dillon,RB,1.2,2186,1.2,1.2,35.5
Antonio Gibson,RB,1.2,2233,1.2,1.2,53.6
Brittain Brown,RB,1.2,1666,1.2,1.2,30.8
Eli Heidenreich,RB,1.2,221,1.2,1.2,64.2
Lew Nichols III,RB,1.2,1234,1.2,1.2,31.9
Patrick Ricard,RB,1.2,3764,1.2,1.2,73.1
Tahj Brooks,RB,1.2,329,1.2,1.2,53.9
Tyler Goodson,RB,1.2,1447,1.2,1.2,55.2
Dyami Brown,WR,1.2,1871,1.2,1.2,30.6
Kevin Austin Jr.,WR,1.2,1481,1.2,1.2,30.4
Jaydn Ott,RB,1.1,19,1.1,1.1,61.9
Michael Carter,RB,1.1,1837,1.1,1.1,54.9
Zavier Scott,RB,1.1,1403,1.1,1.1,32.9
DeAndre Hopkins,WR,1.1,5173,1.1,1.1,45.8
Deion Burks,WR,1.1,48,1.1,1.1,55.5
Lil'Jordan Humphrey,WR,1.1,2625,1.1,1.1,27.9
Jam Miller,RB,1,25,1,1,65.3
Julius Chestnut,RB,1,1677,1,1,55.2
Kene Nwangwu,RB,1,1990,1,1,62.3
Ronnie Rivers,RB,1,1443,1,1,49.8
Tyler Badie,RB,1,1435,1,1,53.2
CJ Daniels,WR,1,43,1,1,49
Savion Williams,WR,1,367,1,1,49.1
Austin Ekeler,RB,0.9,3724,0.9,0.9,46.2
Dylan Laube,RB,0.9,710,0.9,0.9,50.5
Hunter Luepke,RB,0.9,1266,0.9,0.9,66.4
Kareem Hunt,RB,0.9,3471,0.9,0.9,73.9
Terrell Jennings,RB,0.9,988,0.9,0.9,28.9
Marlin Klein,TE,0.9,129,0.9,0.9,51.3
Kendrick Law,WR,0.9,183,0.9,0.9,52
Tyler Lockett,WR,0.9,4342,0.9,0.9,39.8
Ameer Abdullah,RB,0.8,4310,0.8,0.8,26.3
Corey Kiner,RB,0.8,541,0.8,0.8,27.6
Jawhar Jordan,RB,0.8,865,0.8,0.8,23.7
Jeremy McNichols,RB,0.8,3476,0.8,0.8,38.4
Joe Mixon,RB,0.8,3464,0.8,0.8,71.4
Lan Larison,RB,0.8,535,0.8,0.8,50.4
Reggie Gilliam,RB,0.8,2457,0.8,0.8,60.6
Michael Trigg,TE,0.8,84,0.8,0.8,46.7
Sam Roush,TE,0.8,87,0.8,0.8,50.3
Tanner Koziol,TE,0.8,180,0.8,0.8,48.9
Tyler Conklin,TE,0.8,3093,0.8,0.8,17.2
Tim Patrick,WR,0.8,3702,0.8,0.8,25
Dameon Pierce,RB,0.7,1434,0.7,0.7,25.7
Kalel Mullings,RB,0.7,321,0.7,0.7,26.4
Alec Ingold,RB,0.6,2856,0.6,0.6,62.4
Phil Mafah,RB,0.5,334,0.5,0.5,24.2
