player,pos,value
Derrick Henry,RB,99
Saquon Barkley,RB,99
Jahmyr Gibbs,RB,96
Lamar Jackson,QB,89
Bijan Robinson,RB,82
Josh Jacobs,RB,73
Ja'Marr Chase,WR,72
Joe Burrow,QB,68
Josh Allen,QB,68
Kyren Williams,RB,65
James Cook,RB,63
Baker Mayfield,QB,61
Jonathan Taylor,RB,60
De'Von Achane,RB,58
Jayden Daniels,QB,54
Joe Mixon,RB,50
James Conner,RB,49
Chase Brown,RB,48
Bucky Irving,RB,47
Alvin Kamara,RB,47
Chuba Hubbard,RB,47
Justin Jefferson,WR,46
Aaron Jones,RB,44
Jared Goff,QB,42
David Montgomery,RB,42
Jalen Hurts,QB,41
Amon-Ra St. Brown,WR,40
Breece Hall,RB,40
George Kittle,TE,40
Bo Nix,QB,39
Sam Darnold,QB,37
Brock Bowers,TE,37
Brian Thomas Jr.,WR,36
D'Andre Swift,RB,35
Najee Harris,RB,35
Terry McLaurin,WR,33
Kyler Murray,QB,31
Drake London,WR,31
J.K. Dobbins,RB,31
Rico Dowdle,RB,30
Tony Pollard,RB,30
Jonnu Smith,TE,29
Mark Andrews,TE,29
Trey McBride,TE,29
Rachaad White,RB,26
Mike Evans,WR,25
Patrick Mahomes,QB,24
Justin Herbert,QB,24
Zach Charbonnet,RB,24
Tyrone Tracy Jr.,RB,24
Malik Nabers,WR,23
CeeDee Lamb,WR,22
Courtland Sutton,WR,22
Brian Robinson,RB,22
Rhamondre Stevenson,RB,22
Brock Purdy,QB,21
Ladd McConkey,WR,21
Sam LaPorta,TE,21
Davante Adams,WR,20
Jameson Williams,WR,20
Kenneth Walker III,RB,20
Jaxon Smith-Njigba,WR,19
Kareem Hunt,RB,19
Tucker Kraft,TE,19
Geno Smith,QB,18
A.J. Brown,WR,18
Zach Ertz,TE,18
Jordan Addison,WR,17
Tee Higgins,WR,17
Garrett Wilson,WR,17
Pat Freiermuth,TE,17
Jerry Jeudy,WR,16
Nico Collins,WR,15
Jayden Reed,WR,14
Tank Bigsby,RB,14
Travis Kelce,TE,14
Aaron Rodgers,QB,13
Caleb Williams,QB,13
DJ Moore,WR,13
Tyreek Hill,WR,12
Zay Flowers,WR,11
Calvin Ridley,WR,11
Marvin Harrison Jr.,WR,11
Jauan Jennings,WR,11
DeVonta Smith,WR,10
Rashod Bateman,WR,9
Darnell Mooney,WR,9
Jakobi Meyers,WR,9
Xavier Worthy,WR,8
Puka Nacua,WR,8
Kyle Pitts,TE,8
DK Metcalf,WR,7
Alec Pierce,WR,7
Javonte Williams,RB,7
Jordan Mason,RB,7
Isaiah Likely,TE,7
Cade Otton,TE,7
David Njoku,TE,6
Hunter Henry,TE,6
Taysom Hill,TE,6
Quentin Johnston,WR,5
Alexander Mattison,RB,5
Ray Davis,RB,4
Austin Ekeler,RB,4
Jerome Ford,RB,4
Mike Gesicki,TE,4
Noah Gray,TE,3
Juwan Johnson,TE,3
Keenan Allen,WR,2
Cole Kmet,TE,2
Foster Moreau,TE,2
Brandon Aubrey,K,2
Chris Boswell,K,2
Cameron Dicker,K,2
Broncos,DST,2
Eagles,DST,2
Vikings,DST,2
Jordan Love,QB,1
C.J. Stroud,QB,1
Matthew Stafford,QB,1
Bryce Young,QB,1
Tua Tagovailoa,QB,1
Drake Maye,QB,1
Kirk Cousins,QB,1
Russell Wilson,QB,1
Anthony Richardson,QB,1
Derek Carr,QB,1
Trevor Lawrence,QB,1
Daniel Jones,QB,1
Jameis Winston,QB,1
Will Levis,QB,1
Justin Fields,QB,1
Dak Prescott,QB,1
Josh Downs,WR,1
Cooper Rush,QB,1
Cooper Kupp,WR,1
Khalil Shakir,WR,1
George Pickens,WR,1
Joe Flacco,QB,1
Deebo Samuel Sr.,WR,1
Nick Westbrook-Ikhine,WR,1
Jalen Tolbert,WR,1
Gardner Minshew,QB,1
Jalen McMillan,WR,1
Michael Pittman,WR,1
Mac Jones,QB,1
Mason Rudolph,QB,1
Aidan O'Connell,QB,1
Demarcus Robinson,WR,1
Adam Thielen,WR,1
Tyler Allgeier,RB,1
Travis Etienne,RB,1
DeAndre Hopkins,WR,1
Rome Odunze,WR,1
Marvin Mims Jr.,WR,1
Wan'Dale Robinson,WR,1
Tank Dell,WR,1
Allen Lazard,WR,1
Chris Godwin Jr.,WR,1
Jaylen Waddle,WR,1
Jaylen Warren,RB,1
Ameer Abdullah,RB,1
Justice Hill,RB,1
Emanuel Wilson,RB,1
Romeo Doubs,WR,1
Andrei Iosivas,WR,1
Tyjae Spears,RB,1
Tre Tucker,WR,1
Drew Lock,QB,1
DeMario Douglas,WR,1
Isaac Guerendo,RB,1
Keon Coleman,WR,1
Ray-Ray McCloud,WR,1
Antonio Gibson,RB,1
Cam Akers,RB,1
Calvin Austin III,WR,1
Amari Cooper,WR,1
Deshaun Watson,QB,1
Michael Wilson,WR,1
Jalen Nailor,WR,1
Kayshon Boutte,WR,1
Xavier Legette,WR,1
Devin Singletary,RB,1
Stefon Diggs,WR,1
Christian Watson,WR,1
Ty Johnson,RB,1
Jaleel McLaughlin,RB,1
Spencer Rattler,QB,1
Tyler Lockett,WR,1
Dontayvion Wicks,WR,1
Darius Slayton,WR,1
Olamide Zaccheaus,WR,1
Tyler Conklin,TE,1
Mack Hollins,WR,1
Braelon Allen,RB,1
Devaughn Vele,WR,1
Marquez Valdes-Scantling,WR,1
Dalton Schultz,TE,1
Josh Palmer,WR,1
Austin Hooper,TE,1
Tyler Huntley,QB,1
Ricky Pearsall,WR,1
Dallas Goedert,TE,1
Roschon Johnson,RB,1
KaVontae Turpin,WR,1
Gus Edwards,RB,1
Jalen Coker,WR,1
Will Dissly,TE,1
Elijah Moore,WR,1
Sean Tucker,RB,1
Chig Okonkwo,TE,1
Andy Dalton,QB,1
Zack Moss,RB,1
Nick Chubb,RB,1
Tim Patrick,WR,1
Parker Washington,WR,1
Tutu Atwell,WR,1
Dalton Kincaid,TE,1
Diontae Johnson,WR,1
Noah Fant,TE,1
Rashid Shaheed,WR,1
Malik Willis,QB,1
Samaje Perine,RB,1
Miles Sanders,RB,1
Greg Dortch,WR,1
David Moore,WR,1
Jeremy McNichols,RB,1
Raheem Mostert,RB,1
Noah Brown,WR,1
Brenton Strange,TE,1
Jordan Akins,TE,1
Cedric Tillman,WR,1
AJ Barner,TE,1
Kenny Gainwell,RB,1
Sterling Shepard,WR,1
Marcus Mariota,QB,1
Ezekiel Elliott,RB,1
T.J. Hockenson,TE,1
Jake Ferguson,TE,1
Jacoby Brissett,QB,1
Isiah Pacheco,RB,1
Chris Olave,WR,1
Michael Penix Jr.,QB,1
Christian Kirk,WR,1
Josh Oliver,TE,1
Audric Estim,RB,1
Brandin Cooks,WR,1
Dameon Pierce,RB,1
Trey Benson,RB,1
Justin Watson,WR,1
Rashee Rice,WR,1
Evan Engram,TE,1
Ja'Tavion Sanders,TE,1
Van Jefferson,WR,1
Tyler Boyd,WR,1
Theo Johnson,TE,1
Troy Franklin,WR,1
Emari Demercado,RB,1
Trey Sermon,RB,1
Brandon Aiyuk,WR,1
Dyami Brown,WR,1
Dawson Knox,TE,1
Kendrick Bourne,WR,1
Dare Ogunbowale,RB,1
Isaiah Davis,RB,1
Mike Williams,WR,1
Grant Calcaterra,TE,1
Colby Parkinson,TE,1
JuJu Smith-Schuster,WR,1
Tyler Johnson,WR,1
Nelson Agholor,WR,1
Gabe Davis,WR,1
Kalif Raymond,WR,1
Tyler Goodson,RB,1
Tommy Tremble,TE,1
Lil'Jordan Humphrey,WR,1
Christian McCaffrey,RB,1
Curtis Samuel,WR,1
Cedrick Wilson Jr.,WR,1
Nick Vannett,TE,1
John Metchie III,WR,1
Chris Brooks,RB,1
DJ Turner,WR,1
Joshua Dobbs,QB,1
Josh Whyle,TE,1
Adam Trautman,TE,1
Adonai Mitchell,WR,1
Malik Washington,WR,1
Jordan Whittington,WR,1
Chris Rodriguez Jr.,RB,1
Luke Schoonmaker,TE,1
Hassan Haskins,RB,1
Nate Adkins,TE,1
Elijah Higgins,TE,1
Tanner McKee,QB,1
Jamaal Williams,RB,1
Kimani Vidal,RB,1
Derius Davis,WR,1
Patrick Taylor,RB,1
D'Onta Foreman,RB,1
Blake Corum,RB,1
Johnny Mundt,TE,1
Darnell Washington,TE,1
Desmond Ridder,QB,1
Cordarrelle Patterson,RB,1
Josh Reynolds,WR,1
Tylan Wallace,WR,1
Kenny Pickett,QB,1
Ryan Miller,WR,1
Michael Carter,RB,1
Kendre Miller,RB,1
D'Ernest Johnson,RB,1
Jalen Brooks,WR,1
Jaylen Wright,RB,1
Payne Durham,TE,1
Zamir White,RB,1
Trey Palmer,WR,1
Jahan Dotson,WR,1
Ty Chandler,RB,1
Brock Wright,TE,1
Malik Heath,WR,1
Khalil Herbert,RB,1
Pierre Strong,RB,1
Mecole Hardman,WR,1
Sincere McCormick,RB,1
Ja'Lynn Polk,WR,1
Mo Alie-Cox,TE,1
Jimmy Garoppolo,QB,1
Tanner Hudson,TE,1
Kenny McIntosh,RB,1
Cade Stover,TE,1
Charlie Kolar,TE,1
Jamison Crowder,WR,1
Joe Milton III,QB,1
KhaDarel Hodge,WR,1
JaMycal Hasty,RB,1
Stone Smartt,TE,1
Tyler Higbee,TE,1
Robert Woods,WR,1
Kylen Granson,TE,1
Tyrod Taylor,QB,1
Dante Pettis,WR,1
Craig Reynolds,RB,1
Bub Means,WR,1
Dorian Thompson-Robinson,QB,1
Ashton Dulin,WR,1
Carson Steele,RB,1
Andrew Ogletree,TE,1
Luke McCaffrey,WR,1
Jake Bobo,WR,1
Drew Sample,TE,1
Kevin Austin Jr.,WR,1
Erick All,TE,1
Eric Saubert,TE,1
Michael Mayer,TE,1
Mitchell Trubisky,QB,1
Lucas Krull,TE,1
Jonathan Mingo,WR,1
Hunter Luepke,RB,1
Bo Melton,WR,1
Trent Sherfield,WR,1
Jordan Mims,RB,1
Tim Boyle,QB,1
Tommy DeVito,QB,1
Ronnie Rivers,RB,1
Jake Haener,QB,1
Tyrell Shavers,WR,1
Trey Lance,QB,1
Daniel Bellinger,TE,1
Rakim Jarrett,WR,1
DeeJay Dallas,RB,1
K.J. Osborn,WR,1
Xavier Hutchinson,WR,1
Will Shipley,RB,1
Tony Jones,RB,1
Julius Chestnut,RB,1
Blake Whiteheart,TE,1
Tay Martin,WR,1
Jermaine Burton,WR,1
Kenny Yeboah,TE,1
Ainias Smith,WR,1
Simi Fehoko,WR,1
Jeremy Ruckert,TE,1
Xavier Gipson,WR,1
MyCole Pruitt,TE,1
Julian Hill,TE,1
Mason Tipton,WR,1
Johnny Wilson,WR,1
Davis Mills,QB,1
Quintin Morris,TE,1
Bryce Oliver,WR,1
Eric Gray,RB,1
Marquise Brown,WR,1
DJ Chark,WR,1
Parris Campbell,WR,1
Chris Manhertz,TE,1
Deuce Vaughn,RB,1
Brevyn Spann-Ford,TE,1
Devin Culp,TE,1
Ben Sinnott,TE,1
Jacob Cowing,WR,1
Harrison Bryant,TE,1
Brandon Allen,QB,1
Zay Jones,WR,1
Devin Duvernay,WR,1
Patrick Ricard,RB,1
Ryan Flournoy,WR,1
Devontez Walker,WR,1
Raheem Blackshear,RB,1
Skylar Thompson,QB,1
Kristian Wilkerson,WR,1
Jalen Reagor,WR,1
Chris Conley,WR,1
Jeff Wilson,RB,1
Hayden Hurst,TE,1
DeAndre Carter,WR,1
Brandon Powell,WR,1
Bailey Zappe,QB,1
Clyde Edwards-Helaire,RB,1
Ben Skowronek,WR,1
Scott Miller,WR,1
E.J. Jenkins,TE,1
Luke Farrell,TE,1
River Cracraft,WR,1
Mike Woods,WR,1
Tyler Badie,RB,1
John Bates,TE,1
Jalin Hyatt,WR,1
Hunter Long,TE,1
Keaton Mitchell,RB,1
Odell Beckham Jr.,WR,1
Durham Smythe,TE,1
Sione Vaki,RB,1
Peyton Hendershot,TE,1
Mike Boone,RB,1
Nikko Remigio,WR,1
Carson Wentz,QB,1
Tyquan Thornton,WR,1
Charlie Woerner,TE,1
Jonathon Brooks,RB,1
Luke Musgrave,TE,1
Pharaoh Brown,TE,1
J.J. Taylor,RB,1
Cody White,WR,1
Dee Eskridge,WR,1
Xavier Smith,WR,1
Ben Sims,TE,1
Terrace Marshall Jr.,WR,1
Tim Jones,WR,1
Austin Trammell,WR,1
Davis Allen,TE,1
Tucker Fisk,TE,1
Jacob Kibodi,RB,1
Tip Reiman,TE,1
Laviska Shenault Jr.,WR,1
Dan Chisena,WR,1
Gerald Everett,TE,1
Treylon Burks,WR,1
Travis Homer,RB,1
Britain Covey,WR,1
Terrell Jennings,RB,1
Jase McClellan,RB,1
Jermar Jefferson,RB,1
Taylor Heinicke,QB,1
Alex Bachman,WR,1
Rasheen Ali,RB,1
Allen Robinson,WR,1
Dalvin Cook,RB,1
Will Mallory,TE,1
Greg Dulcich,TE,1
Cam Grandy,TE,1
David Bell,WR,1
Hendon Hooker,QB,1
Deven Thompkins,WR,1
Anthony Gould,WR,1
Blake Watson,RB,1
Jamari Thrash,WR,1
Jonathan Ward,RB,1
Ronnie Bell,WR,1
Shane Zylstra,TE,1
Malachi Corley,WR,1
Dallin Holker,TE,1
James Proche,WR,1
Jaheim Bell,TE,1
Velus Jones Jr.,WR,1
MarShawn Lloyd,RB,1
Aaron Shampklin,RB,1
Mason Kinsey,WR,1
Chris Blair,WR,1
Tanner Conner,TE,1
Anthony Miller,WR,1
Trenton Irwin,WR,1
Josiah Deguara,TE,1
Casey Washington,WR,1
Nick Mullens,QB,1
Feleipe Franks,TE,1
Javon Baker,WR,1
Isaiah Hodgins,WR,1
Trent Taylor,WR,1
Grant DuBose,WR,1
Mike White,QB,1
Tyreik McAllister,WR,1
Kameron Johnson,WR,1
Jack Stoll,TE,1
Myles Gaskin,RB,1
Eric Tomlinson,TE,1
Brandon Johnson,WR,1
George Holani,RB,1
Cody Schrader,RB,1
Kendric Pryor,WR,1
Kyle Allen,QB,1
Chris Collier,RB,1
Reggie Gilliam,RB,1
Brevin Jordan,TE,1
Geoff Swaim,TE,1
John Shenker,TE,1
Jared Wiley,TE,1
Tyrion Davis-Price,RB,1
Ian Thomas,TE,1
Josh Johnson,QB,1
Ramel Keyton,WR,1
Jaelon Darden,WR,1
Isaiah Williams,WR,1
David Martin-Robinson,TE,1
John Ross,WR,1
Collin Johnson,WR,1
Tyler Scott,WR,1
Robbie Chosen,WR,1
Joseph Fortson,TE,1
Chris Oladokun,QB,1
Charlie Jones,WR,1
Jarrett Stidham,QB,1
Zach Davidson,TE,1
Ross Dwelley,TE,1
Ke'Shawn Vaughn,RB,1
Jha'Quan Jackson,WR,1
Darrynton Evans,RB,1
John FitzPatrick,TE,1
Marcedes Lewis,TE,1
Joshua Kelley,RB,1
British Brooks,RB,1
Justin Tucker,K,1
Texans,DST,1
